year,iso_code,country,debt_type,prices,units,value
2015,AFG,Afghanistan,Multilateral,current,USD million,3.9092
2015,AGO,Angola,Multilateral,current,USD million,460.271
2015,ALB,Albania,Multilateral,current,USD million,58.6522
2015,ARG,Argentina,Multilateral,current,USD million,1753.3138
2015,ARM,Armenia,Multilateral,current,USD million,372.1054
2015,AZE,Azerbaijan,Multilateral,current,USD million,573.4179
2015,BEN,Benin,Multilateral,current,USD million,64.2652
2015,BFA,Burkina Faso,Multilateral,current,USD million,18.8041
2015,BGD,Bangladesh,Multilateral,current,USD million,486.2052
2015,BGR,Bulgaria,Multilateral,current,USD million,256.725
2015,BIH,Bosnia and Herzegovina,Multilateral,current,USD million,330.8285
2015,BLR,Belarus,Multilateral,current,USD million,103.8092
2015,BLZ,Belize,Multilateral,current,USD million,39.2441
2015,BOL,Bolivia,Multilateral,current,USD million,859.1797
2015,BRA,Brazil,Multilateral,current,USD million,2318.2921
2015,BTN,Bhutan,Multilateral,current,USD million,21.867
2015,BWA,Botswana,Multilateral,current,USD million,7.545
2015,CHN,China,Multilateral,current,USD million,2719.4626
2015,CIV,Cote d'Ivoire,Multilateral,current,USD million,23.3561
2015,CMR,Cameroon,Multilateral,current,USD million,59.5959
2015,COD,"Congo, Dem. Rep.",Multilateral,current,USD million,62.3324
2015,COG,"Congo, Rep.",Multilateral,current,USD million,9.974
2015,COL,Colombia,Multilateral,current,USD million,2344.252
2015,CPV,Cabo Verde,Multilateral,current,USD million,48.5385
2015,CRI,Costa Rica,Multilateral,current,USD million,445.669
2015,DJI,Djibouti,Multilateral,current,USD million,37.0259
2015,DMA,Dominica,Multilateral,current,USD million,11.533
2015,DOM,Dominican Republic,Multilateral,current,USD million,760.4139
2015,ECU,Ecuador,Multilateral,current,USD million,2101.5062
2015,EGY,"Egypt, Arab Rep.",Multilateral,current,USD million,1802.4081
2015,ETH,Ethiopia,Multilateral,current,USD million,7.749
2015,FJI,Fiji,Multilateral,current,USD million,0.993
2015,GAB,Gabon,Multilateral,current,USD million,40.7497
2015,GEO,Georgia,Multilateral,current,USD million,352.9695
2015,GHA,Ghana,Multilateral,current,USD million,235.3529
2015,GIN,Guinea,Multilateral,current,USD million,10.4676
2015,GMB,"Gambia, The",Multilateral,current,USD million,12.8228
2015,GNB,Guinea-Bissau,Multilateral,current,USD million,44.4823
2015,GRD,Grenada,Multilateral,current,USD million,25.924
2015,GTM,Guatemala,Multilateral,current,USD million,702.2003
2015,GUY,Guyana,Multilateral,current,USD million,19.499
2015,HND,Honduras,Multilateral,current,USD million,275.3916
2015,HTI,Haiti,Multilateral,current,USD million,7.265
2015,IDN,Indonesia,Multilateral,current,USD million,3972.1179
2015,IND,India,Multilateral,current,USD million,3344.9831
2015,IRN,"Iran, Islamic Rep.",Multilateral,current,USD million,9.8642
2015,IRQ,Iraq,Multilateral,current,USD million,1207.846
2015,JAM,Jamaica,Multilateral,current,USD million,320.779
2015,JOR,Jordan,Multilateral,current,USD million,571.0103
2015,KAZ,Kazakhstan,Multilateral,current,USD million,1375.043
2015,KEN,Kenya,Multilateral,current,USD million,8.0588
2015,KGZ,Kyrgyz Republic,Multilateral,current,USD million,14.0824
2015,KHM,Cambodia,Multilateral,current,USD million,8.457
2015,LAO,Lao PDR,Multilateral,current,USD million,0.001
2015,LBN,Lebanon,Multilateral,current,USD million,102.3719
2015,LBR,Liberia,Multilateral,current,USD million,19.1492
2015,LCA,St. Lucia,Multilateral,current,USD million,5.738
2015,LKA,Sri Lanka,Multilateral,current,USD million,430.0223
2015,LSO,Lesotho,Multilateral,current,USD million,40.9804
2015,MAR,Morocco,Multilateral,current,USD million,1654.8306
2015,MDA,Moldova,Multilateral,current,USD million,100.6328
2015,MDG,Madagascar,Multilateral,current,USD million,3.317
2015,MDV,Maldives,Multilateral,current,USD million,3.471
2015,MEX,Mexico,Multilateral,current,USD million,1506.783
2015,MKD,North Macedonia,Multilateral,current,USD million,188.7201
2015,MLI,Mali,Multilateral,current,USD million,23.8997
2015,MNE,Montenegro,Multilateral,current,USD million,22.5899
2015,MNG,Mongolia,Multilateral,current,USD million,116.713
2015,MOZ,Mozambique,Multilateral,current,USD million,10.0214
2015,MRT,Mauritania,Multilateral,current,USD million,212.4741
2015,MUS,Mauritius,Multilateral,current,USD million,1.4203
2015,MWI,Malawi,Multilateral,current,USD million,4.276
2015,NER,Niger,Multilateral,current,USD million,199.9683
2015,NGA,Nigeria,Multilateral,current,USD million,523.1186
2015,NIC,Nicaragua,Multilateral,current,USD million,233.065
2015,NPL,Nepal,Multilateral,current,USD million,7.018
2015,PAK,Pakistan,Multilateral,current,USD million,2548.6317
2015,PER,Peru,Multilateral,current,USD million,1225.0685
2015,PHL,Philippines,Multilateral,current,USD million,1844.233
2015,PNG,Papua New Guinea,Multilateral,current,USD million,72.507
2015,PRY,Paraguay,Multilateral,current,USD million,182.8745
2015,RUS,Russian Federation,Multilateral,current,USD million,80.535
2015,RWA,Rwanda,Multilateral,current,USD million,9.145
2015,SDN,Sudan,Multilateral,current,USD million,179.148
2015,SEN,Senegal,Multilateral,current,USD million,7.2037
2015,SLE,Sierra Leone,Multilateral,current,USD million,8.342
2015,SLV,El Salvador,Multilateral,current,USD million,349.8713
2015,SRB,Serbia,Multilateral,current,USD million,911.0139
2015,SUR,Suriname,Multilateral,current,USD million,59.034
2015,SWZ,Eswatini,Multilateral,current,USD million,15.9405
2015,TCD,Chad,Multilateral,current,USD million,24.6405
2015,TGO,Togo,Multilateral,current,USD million,50.1733
2015,THA,Thailand,Multilateral,current,USD million,23.604
2015,TJK,Tajikistan,Multilateral,current,USD million,36.2214
2015,TKM,Turkmenistan,Multilateral,current,USD million,35.287
2015,TLS,Timor-Leste,Multilateral,current,USD million,22.126
2015,TUN,Tunisia,Multilateral,current,USD million,1389.1374
2015,TUR,Turkiye,Multilateral,current,USD million,2440.5448
2015,TZA,Tanzania,Multilateral,current,USD million,15.6334
2015,UGA,Uganda,Multilateral,current,USD million,44.5003
2015,UKR,Ukraine,Multilateral,current,USD million,1782.1986
2015,UZB,Uzbekistan,Multilateral,current,USD million,574.589
2015,VCT,St. Vincent and the Grenadines,Multilateral,current,USD million,15.218
2015,VNM,Viet Nam,Multilateral,current,USD million,1367.8567
2015,WSM,Samoa,Multilateral,current,USD million,1.477
2015,XKX,Kosovo,Multilateral,current,USD million,4.959
2015,YEM,"Yemen, Rep.",Multilateral,current,USD million,51.917
2015,ZAF,South Africa,Multilateral,current,USD million,500.2837
2015,ZMB,Zambia,Multilateral,current,USD million,30.6059
2015,ZWE,Zimbabwe,Multilateral,current,USD million,200.3606
2016,AFG,Afghanistan,Multilateral,current,USD million,8.465
2016,AGO,Angola,Multilateral,current,USD million,404.9467
2016,ALB,Albania,Multilateral,current,USD million,67.528
2016,ARG,Argentina,Multilateral,current,USD million,2323.236
2016,ARM,Armenia,Multilateral,current,USD million,433.9739
2016,AZE,Azerbaijan,Multilateral,current,USD million,1143.138
2016,BEN,Benin,Multilateral,current,USD million,52.3894
2016,BFA,Burkina Faso,Multilateral,current,USD million,24.4233
2016,BGD,Bangladesh,Multilateral,current,USD million,832.5192
2016,BGR,Bulgaria,Multilateral,current,USD million,707.5926
2016,BIH,Bosnia and Herzegovina,Multilateral,current,USD million,346.6213
2016,BLR,Belarus,Multilateral,current,USD million,1010.974
2016,BLZ,Belize,Multilateral,current,USD million,35.0447
2016,BOL,Bolivia,Multilateral,current,USD million,805.9583
2016,BRA,Brazil,Multilateral,current,USD million,2300.8583
2016,BTN,Bhutan,Multilateral,current,USD million,10.526
2016,BWA,Botswana,Multilateral,current,USD million,36.5811
2016,CHN,China,Multilateral,current,USD million,3035.5739
2016,CIV,Cote d'Ivoire,Multilateral,current,USD million,34.7827
2016,CMR,Cameroon,Multilateral,current,USD million,82.1693
2016,COD,"Congo, Dem. Rep.",Multilateral,current,USD million,16.1524
2016,COG,"Congo, Rep.",Multilateral,current,USD million,47.2252
2016,COL,Colombia,Multilateral,current,USD million,3215.3375
2016,CPV,Cabo Verde,Multilateral,current,USD million,32.3819
2016,CRI,Costa Rica,Multilateral,current,USD million,583.072
2016,DJI,Djibouti,Multilateral,current,USD million,45.3343
2016,DMA,Dominica,Multilateral,current,USD million,4.016
2016,DOM,Dominican Republic,Multilateral,current,USD million,493.1181
2016,DZA,Algeria,Multilateral,current,USD million,983.5317
2016,ECU,Ecuador,Multilateral,current,USD million,1113.0961
2016,EGY,"Egypt, Arab Rep.",Multilateral,current,USD million,5044.223
2016,ETH,Ethiopia,Multilateral,current,USD million,24.8622
2016,FJI,Fiji,Multilateral,current,USD million,51.114
2016,GAB,Gabon,Multilateral,current,USD million,40.6512
2016,GEO,Georgia,Multilateral,current,USD million,286.6128
2016,GHA,Ghana,Multilateral,current,USD million,110.404
2016,GIN,Guinea,Multilateral,current,USD million,15.512
2016,GMB,"Gambia, The",Multilateral,current,USD million,1.655
2016,GNB,Guinea-Bissau,Multilateral,current,USD million,11.4333
2016,GRD,Grenada,Multilateral,current,USD million,9.601
2016,GTM,Guatemala,Multilateral,current,USD million,59.4832
2016,GUY,Guyana,Multilateral,current,USD million,9.743
2016,HND,Honduras,Multilateral,current,USD million,138.5389
2016,HTI,Haiti,Multilateral,current,USD million,8.242
2016,IDN,Indonesia,Multilateral,current,USD million,2976.4388
2016,IND,India,Multilateral,current,USD million,3741.9658
2016,IRN,"Iran, Islamic Rep.",Multilateral,current,USD million,12.1737
2016,IRQ,Iraq,Multilateral,current,USD million,1509.855
2016,JAM,Jamaica,Multilateral,current,USD million,266.86
2016,JOR,Jordan,Multilateral,current,USD million,595.4168
2016,KAZ,Kazakhstan,Multilateral,current,USD million,1453.577
2016,KEN,Kenya,Multilateral,current,USD million,302.3555
2016,KGZ,Kyrgyz Republic,Multilateral,current,USD million,17.1498
2016,KHM,Cambodia,Multilateral,current,USD million,7.072
2016,LAO,Lao PDR,Multilateral,current,USD million,12.208
2016,LBN,Lebanon,Multilateral,current,USD million,172.7418
2016,LBR,Liberia,Multilateral,current,USD million,3.0844
2016,LCA,St. Lucia,Multilateral,current,USD million,4.175
2016,LKA,Sri Lanka,Multilateral,current,USD million,637.243
2016,LSO,Lesotho,Multilateral,current,USD million,23.0355
2016,MAR,Morocco,Multilateral,current,USD million,1847.7364
2016,MDA,Moldova,Multilateral,current,USD million,134.1033
2016,MDG,Madagascar,Multilateral,current,USD million,2.61
2016,MDV,Maldives,Multilateral,current,USD million,0.2489
2016,MEX,Mexico,Multilateral,current,USD million,1522.972
2016,MKD,North Macedonia,Multilateral,current,USD million,110.2281
2016,MLI,Mali,Multilateral,current,USD million,29.6721
2016,MMR,Myanmar,Multilateral,current,USD million,0.846
2016,MNE,Montenegro,Multilateral,current,USD million,44.338
2016,MNG,Mongolia,Multilateral,current,USD million,98.4317
2016,MOZ,Mozambique,Multilateral,current,USD million,7.9302
2016,MRT,Mauritania,Multilateral,current,USD million,257.213
2016,MUS,Mauritius,Multilateral,current,USD million,45.8656
2016,MWI,Malawi,Multilateral,current,USD million,3.975
2016,NER,Niger,Multilateral,current,USD million,51.7367
2016,NGA,Nigeria,Multilateral,current,USD million,434.8793
2016,NIC,Nicaragua,Multilateral,current,USD million,234.488
2016,NPL,Nepal,Multilateral,current,USD million,7.735
2016,PAK,Pakistan,Multilateral,current,USD million,2241.3601
2016,PER,Peru,Multilateral,current,USD million,817.672
2016,PHL,Philippines,Multilateral,current,USD million,927.795
2016,PNG,Papua New Guinea,Multilateral,current,USD million,109.054
2016,PRY,Paraguay,Multilateral,current,USD million,366.1132
2016,RUS,Russian Federation,Multilateral,current,USD million,74.471
2016,RWA,Rwanda,Multilateral,current,USD million,15.1231
2016,SDN,Sudan,Multilateral,current,USD million,67.1779
2016,SEN,Senegal,Multilateral,current,USD million,177.2144
2016,SLE,Sierra Leone,Multilateral,current,USD million,3.139
2016,SLV,El Salvador,Multilateral,current,USD million,376.0981
2016,SRB,Serbia,Multilateral,current,USD million,640.8371
2016,SUR,Suriname,Multilateral,current,USD million,154.854
2016,SWZ,Eswatini,Multilateral,current,USD million,30.7738
2016,TCD,Chad,Multilateral,current,USD million,51.2281
2016,TGO,Togo,Multilateral,current,USD million,72.2553
2016,THA,Thailand,Multilateral,current,USD million,2.881
2016,TJK,Tajikistan,Multilateral,current,USD million,29.0409
2016,TKM,Turkmenistan,Multilateral,current,USD million,108.458
2016,TLS,Timor-Leste,Multilateral,current,USD million,21.788
2016,TUN,Tunisia,Multilateral,current,USD million,1121.9149
2016,TUR,Turkiye,Multilateral,current,USD million,3027.8449
2016,TZA,Tanzania,Multilateral,current,USD million,22.7279
2016,UGA,Uganda,Multilateral,current,USD million,19.5785
2016,UKR,Ukraine,Multilateral,current,USD million,669.1059
2016,UZB,Uzbekistan,Multilateral,current,USD million,391.422
2016,VCT,St. Vincent and the Grenadines,Multilateral,current,USD million,7.349
2016,VNM,Viet Nam,Multilateral,current,USD million,1290.6379
2016,WSM,Samoa,Multilateral,current,USD million,2.928
2016,XKX,Kosovo,Multilateral,current,USD million,5.962
2016,YEM,"Yemen, Rep.",Multilateral,current,USD million,17.2953
2016,ZAF,South Africa,Multilateral,current,USD million,509.5983
2016,ZMB,Zambia,Multilateral,current,USD million,50.7729
2016,ZWE,Zimbabwe,Multilateral,current,USD million,15.9254
2017,AGO,Angola,Multilateral,current,USD million,159.7986
2017,ALB,Albania,Multilateral,current,USD million,311.0363
2017,ARG,Argentina,Multilateral,current,USD million,2941.266
2017,ARM,Armenia,Multilateral,current,USD million,350.3764
2017,AZE,Azerbaijan,Multilateral,current,USD million,1285.73
2017,BEN,Benin,Multilateral,current,USD million,78.5533
2017,BFA,Burkina Faso,Multilateral,current,USD million,37.0764
2017,BGD,Bangladesh,Multilateral,current,USD million,825.8637
2017,BGR,Bulgaria,Multilateral,current,USD million,199.4596
2017,BIH,Bosnia and Herzegovina,Multilateral,current,USD million,226.5959
2017,BLR,Belarus,Multilateral,current,USD million,1022.4959
2017,BLZ,Belize,Multilateral,current,USD million,45.9838
2017,BOL,Bolivia,Multilateral,current,USD million,1090.0978
2017,BRA,Brazil,Multilateral,current,USD million,2736.3235
2017,BTN,Bhutan,Multilateral,current,USD million,35.085
2017,BWA,Botswana,Multilateral,current,USD million,4.5235
2017,CHN,China,Multilateral,current,USD million,3479.5227
2017,CIV,Cote d'Ivoire,Multilateral,current,USD million,163.1838
2017,CMR,Cameroon,Multilateral,current,USD million,294.666
2017,COD,"Congo, Dem. Rep.",Multilateral,current,USD million,220.913
2017,COG,"Congo, Rep.",Multilateral,current,USD million,411.0451
2017,COL,Colombia,Multilateral,current,USD million,1480.5713
2017,CPV,Cabo Verde,Multilateral,current,USD million,35.7448
2017,CRI,Costa Rica,Multilateral,current,USD million,364.641
2017,DJI,Djibouti,Multilateral,current,USD million,22.2737
2017,DMA,Dominica,Multilateral,current,USD million,1.616
2017,DOM,Dominican Republic,Multilateral,current,USD million,238.6816
2017,ECU,Ecuador,Multilateral,current,USD million,999.3674
2017,EGY,"Egypt, Arab Rep.",Multilateral,current,USD million,3551.7229
2017,ETH,Ethiopia,Multilateral,current,USD million,178.9722
2017,FJI,Fiji,Multilateral,current,USD million,57.45
2017,GAB,Gabon,Multilateral,current,USD million,849.7534
2017,GEO,Georgia,Multilateral,current,USD million,421.689
2017,GHA,Ghana,Multilateral,current,USD million,295.972
2017,GIN,Guinea,Multilateral,current,USD million,21.161
2017,GMB,"Gambia, The",Multilateral,current,USD million,36.6674
2017,GNB,Guinea-Bissau,Multilateral,current,USD million,32.2009
2017,GRD,Grenada,Multilateral,current,USD million,0.48
2017,GTM,Guatemala,Multilateral,current,USD million,67.5756
2017,GUY,Guyana,Multilateral,current,USD million,36.024
2017,HND,Honduras,Multilateral,current,USD million,249.4372
2017,HTI,Haiti,Multilateral,current,USD million,16.062
2017,IDN,Indonesia,Multilateral,current,USD million,2058.8793
2017,IND,India,Multilateral,current,USD million,3847.0689
2017,IRN,"Iran, Islamic Rep.",Multilateral,current,USD million,23.6961
2017,IRQ,Iraq,Multilateral,current,USD million,129.382
2017,JAM,Jamaica,Multilateral,current,USD million,133.895
2017,JOR,Jordan,Multilateral,current,USD million,439.0037
2017,KAZ,Kazakhstan,Multilateral,current,USD million,243.781
2017,KEN,Kenya,Multilateral,current,USD million,795.1647
2017,KGZ,Kyrgyz Republic,Multilateral,current,USD million,22.3986
2017,KHM,Cambodia,Multilateral,current,USD million,5.5638
2017,LAO,Lao PDR,Multilateral,current,USD million,56.073
2017,LBN,Lebanon,Multilateral,current,USD million,357.8342
2017,LCA,St. Lucia,Multilateral,current,USD million,11.484
2017,LKA,Sri Lanka,Multilateral,current,USD million,579.993
2017,LSO,Lesotho,Multilateral,current,USD million,22.475
2017,MAR,Morocco,Multilateral,current,USD million,2064.3066
2017,MDA,Moldova,Multilateral,current,USD million,77.2055
2017,MDG,Madagascar,Multilateral,current,USD million,8.643
2017,MDV,Maldives,Multilateral,current,USD million,8.1477
2017,MEX,Mexico,Multilateral,current,USD million,2219.644
2017,MKD,North Macedonia,Multilateral,current,USD million,102.7949
2017,MLI,Mali,Multilateral,current,USD million,32.4469
2017,MMR,Myanmar,Multilateral,current,USD million,0.472
2017,MNE,Montenegro,Multilateral,current,USD million,26.619
2017,MNG,Mongolia,Multilateral,current,USD million,389.659
2017,MOZ,Mozambique,Multilateral,current,USD million,3.3086
2017,MRT,Mauritania,Multilateral,current,USD million,177.1133
2017,MUS,Mauritius,Multilateral,current,USD million,55.1429
2017,MWI,Malawi,Multilateral,current,USD million,4.7288
2017,NER,Niger,Multilateral,current,USD million,70.3405
2017,NGA,Nigeria,Multilateral,current,USD million,1220.9254
2017,NIC,Nicaragua,Multilateral,current,USD million,479.585
2017,NPL,Nepal,Multilateral,current,USD million,14.822
2017,PAK,Pakistan,Multilateral,current,USD million,2381.1461
2017,PER,Peru,Multilateral,current,USD million,352.7272
2017,PHL,Philippines,Multilateral,current,USD million,1134.686
2017,PNG,Papua New Guinea,Multilateral,current,USD million,100.108
2017,PRY,Paraguay,Multilateral,current,USD million,403.3704
2017,RUS,Russian Federation,Multilateral,current,USD million,64.623
2017,RWA,Rwanda,Multilateral,current,USD million,14.5186
2017,SDN,Sudan,Multilateral,current,USD million,37.2724
2017,SEN,Senegal,Multilateral,current,USD million,80.7409
2017,SLE,Sierra Leone,Multilateral,current,USD million,1.6
2017,SLV,El Salvador,Multilateral,current,USD million,367.46
2017,SRB,Serbia,Multilateral,current,USD million,818.2287
2017,SUR,Suriname,Multilateral,current,USD million,25.885
2017,SWZ,Eswatini,Multilateral,current,USD million,42.8874
2017,TCD,Chad,Multilateral,current,USD million,80.146
2017,TGO,Togo,Multilateral,current,USD million,44.4602
2017,TJK,Tajikistan,Multilateral,current,USD million,39.7092
2017,TKM,Turkmenistan,Multilateral,current,USD million,22.963
2017,TLS,Timor-Leste,Multilateral,current,USD million,28.746
2017,TUN,Tunisia,Multilateral,current,USD million,1343.8266
2017,TUR,Turkiye,Multilateral,current,USD million,3144.521
2017,TZA,Tanzania,Multilateral,current,USD million,64.7495
2017,UGA,Uganda,Multilateral,current,USD million,239.6586
2017,UKR,Ukraine,Multilateral,current,USD million,1834.4446
2017,UZB,Uzbekistan,Multilateral,current,USD million,600.2188
2017,VCT,St. Vincent and the Grenadines,Multilateral,current,USD million,4.941
2017,VNM,Viet Nam,Multilateral,current,USD million,1299.8793
2017,WSM,Samoa,Multilateral,current,USD million,1.491
2017,XKX,Kosovo,Multilateral,current,USD million,8.6584
2017,YEM,"Yemen, Rep.",Multilateral,current,USD million,3.2195
2017,ZAF,South Africa,Multilateral,current,USD million,1193.0721
2017,ZMB,Zambia,Multilateral,current,USD million,51.4663
2017,ZWE,Zimbabwe,Multilateral,current,USD million,0.277
2018,AGO,Angola,Multilateral,current,USD million,61.6801
2018,ALB,Albania,Multilateral,current,USD million,265.5347
2018,ARG,Argentina,Multilateral,current,USD million,3593.2628
2018,ARM,Armenia,Multilateral,current,USD million,166.6833
2018,AZE,Azerbaijan,Multilateral,current,USD million,1412.648
2018,BEN,Benin,Multilateral,current,USD million,62.7012
2018,BFA,Burkina Faso,Multilateral,current,USD million,65.6574
2018,BGD,Bangladesh,Multilateral,current,USD million,1051.0813
2018,BGR,Bulgaria,Multilateral,current,USD million,208.0848
2018,BIH,Bosnia and Herzegovina,Multilateral,current,USD million,336.3682
2018,BLR,Belarus,Multilateral,current,USD million,366.7534
2018,BLZ,Belize,Multilateral,current,USD million,41.19
2018,BOL,Bolivia,Multilateral,current,USD million,922.2879
2018,BRA,Brazil,Multilateral,current,USD million,3082.1043
2018,BTN,Bhutan,Multilateral,current,USD million,11.912
2018,BWA,Botswana,Multilateral,current,USD million,39.8855
2018,CHN,China,Multilateral,current,USD million,3287.1563
2018,CIV,Cote d'Ivoire,Multilateral,current,USD million,325.3344
2018,CMR,Cameroon,Multilateral,current,USD million,708.1499
2018,COD,"Congo, Dem. Rep.",Multilateral,current,USD million,14.3948
2018,COG,"Congo, Rep.",Multilateral,current,USD million,74.8528
2018,COL,Colombia,Multilateral,current,USD million,2876.7357
2018,CPV,Cabo Verde,Multilateral,current,USD million,41.5779
2018,CRI,Costa Rica,Multilateral,current,USD million,1542.3969
2018,DJI,Djibouti,Multilateral,current,USD million,45.2432
2018,DMA,Dominica,Multilateral,current,USD million,2.016
2018,DOM,Dominican Republic,Multilateral,current,USD million,496.5388
2018,ECU,Ecuador,Multilateral,current,USD million,1859.9415
2018,EGY,"Egypt, Arab Rep.",Multilateral,current,USD million,3950.1177
2018,ETH,Ethiopia,Multilateral,current,USD million,27.2263
2018,FJI,Fiji,Multilateral,current,USD million,35.943
2018,GAB,Gabon,Multilateral,current,USD million,379.0669
2018,GEO,Georgia,Multilateral,current,USD million,332.2501
2018,GHA,Ghana,Multilateral,current,USD million,71.576
2018,GIN,Guinea,Multilateral,current,USD million,34.592
2018,GMB,"Gambia, The",Multilateral,current,USD million,29.6606
2018,GNB,Guinea-Bissau,Multilateral,current,USD million,49.3628
2018,GRD,Grenada,Multilateral,current,USD million,0.711
2018,GTM,Guatemala,Multilateral,current,USD million,308.5923
2018,GUY,Guyana,Multilateral,current,USD million,47.312
2018,HND,Honduras,Multilateral,current,USD million,439.791
2018,HTI,Haiti,Multilateral,current,USD million,0.5
2018,IDN,Indonesia,Multilateral,current,USD million,3509.3913
2018,IND,India,Multilateral,current,USD million,5085.8418
2018,IRQ,Iraq,Multilateral,current,USD million,164.85
2018,JAM,Jamaica,Multilateral,current,USD million,194.353
2018,JOR,Jordan,Multilateral,current,USD million,711.8883
2018,KAZ,Kazakhstan,Multilateral,current,USD million,250.69
2018,KEN,Kenya,Multilateral,current,USD million,1078.9278
2018,KGZ,Kyrgyz Republic,Multilateral,current,USD million,13.4687
2018,KHM,Cambodia,Multilateral,current,USD million,4.5666
2018,LAO,Lao PDR,Multilateral,current,USD million,17.601
2018,LBN,Lebanon,Multilateral,current,USD million,154.8109
2018,LCA,St. Lucia,Multilateral,current,USD million,5.231
2018,LKA,Sri Lanka,Multilateral,current,USD million,652.489
2018,LSO,Lesotho,Multilateral,current,USD million,23.66
2018,MAR,Morocco,Multilateral,current,USD million,1122.2808
2018,MDA,Moldova,Multilateral,current,USD million,105.6465
2018,MDG,Madagascar,Multilateral,current,USD million,30.9252
2018,MDV,Maldives,Multilateral,current,USD million,230.3249
2018,MEX,Mexico,Multilateral,current,USD million,1762.42
2018,MKD,North Macedonia,Multilateral,current,USD million,109.2058
2018,MLI,Mali,Multilateral,current,USD million,77.1544
2018,MMR,Myanmar,Multilateral,current,USD million,3.301
2018,MNE,Montenegro,Multilateral,current,USD million,42.2714
2018,MNG,Mongolia,Multilateral,current,USD million,266.7644
2018,MOZ,Mozambique,Multilateral,current,USD million,27.1861
2018,MRT,Mauritania,Multilateral,current,USD million,118.6175
2018,MUS,Mauritius,Multilateral,current,USD million,10.4131
2018,MWI,Malawi,Multilateral,current,USD million,19.3014
2018,NER,Niger,Multilateral,current,USD million,38.2597
2018,NGA,Nigeria,Multilateral,current,USD million,734.0601
2018,NIC,Nicaragua,Multilateral,current,USD million,498.002
2018,NPL,Nepal,Multilateral,current,USD million,14.262
2018,PAK,Pakistan,Multilateral,current,USD million,1752.9378
2018,PER,Peru,Multilateral,current,USD million,457.4132
2018,PHL,Philippines,Multilateral,current,USD million,1697.013
2018,PNG,Papua New Guinea,Multilateral,current,USD million,417.566
2018,PRY,Paraguay,Multilateral,current,USD million,408.1349
2018,RUS,Russian Federation,Multilateral,current,USD million,23.583
2018,RWA,Rwanda,Multilateral,current,USD million,72.8751
2018,SDN,Sudan,Multilateral,current,USD million,18.2319
2018,SEN,Senegal,Multilateral,current,USD million,163.8809
2018,SLE,Sierra Leone,Multilateral,current,USD million,8.818
2018,SLV,El Salvador,Multilateral,current,USD million,570.1429
2018,SRB,Serbia,Multilateral,current,USD million,666.2495
2018,SUR,Suriname,Multilateral,current,USD million,32.785
2018,SWZ,Eswatini,Multilateral,current,USD million,37.3734
2018,SYR,Syrian Arab Republic,Multilateral,current,USD million,5.695
2018,TGO,Togo,Multilateral,current,USD million,38.7866
2018,THA,Thailand,Multilateral,current,USD million,90.8
2018,TJK,Tajikistan,Multilateral,current,USD million,74.935
2018,TKM,Turkmenistan,Multilateral,current,USD million,2.84
2018,TLS,Timor-Leste,Multilateral,current,USD million,36.066
2018,TON,Tonga,Multilateral,current,USD million,0.6046
2018,TUN,Tunisia,Multilateral,current,USD million,1394.4927
2018,TUR,Turkiye,Multilateral,current,USD million,2593.4265
2018,TZA,Tanzania,Multilateral,current,USD million,202.5951
2018,UGA,Uganda,Multilateral,current,USD million,81.7918
2018,UKR,Ukraine,Multilateral,current,USD million,397.2223
2018,UZB,Uzbekistan,Multilateral,current,USD million,1716.9482
2018,VCT,St. Vincent and the Grenadines,Multilateral,current,USD million,8.709
2018,VNM,Viet Nam,Multilateral,current,USD million,1191.9466
2018,WSM,Samoa,Multilateral,current,USD million,1.132
2018,XKX,Kosovo,Multilateral,current,USD million,24.3091
2018,YEM,"Yemen, Rep.",Multilateral,current,USD million,19.4414
2018,ZAF,South Africa,Multilateral,current,USD million,235.63
2018,ZMB,Zambia,Multilateral,current,USD million,142.9673
2018,ZWE,Zimbabwe,Multilateral,current,USD million,9.166
2019,AGO,Angola,Multilateral,current,USD million,650.0789
2019,ALB,Albania,Multilateral,current,USD million,151.7673
2019,ARG,Argentina,Multilateral,current,USD million,2665.8934
2019,ARM,Armenia,Multilateral,current,USD million,187.8919
2019,AZE,Azerbaijan,Multilateral,current,USD million,849.66
2019,BDI,Burundi,Multilateral,current,USD million,22.3926
2019,BEN,Benin,Multilateral,current,USD million,48.6042
2019,BFA,Burkina Faso,Multilateral,current,USD million,79.5305
2019,BGD,Bangladesh,Multilateral,current,USD million,1868.5842
2019,BGR,Bulgaria,Multilateral,current,USD million,149.5936
2019,BIH,Bosnia and Herzegovina,Multilateral,current,USD million,348.4429
2019,BLR,Belarus,Multilateral,current,USD million,148.6364
2019,BLZ,Belize,Multilateral,current,USD million,47.398
2019,BOL,Bolivia,Multilateral,current,USD million,1116.1622
2019,BRA,Brazil,Multilateral,current,USD million,1993.7908
2019,BTN,Bhutan,Multilateral,current,USD million,24.46
2019,BWA,Botswana,Multilateral,current,USD million,25.7437
2019,CHN,China,Multilateral,current,USD million,3754.5569
2019,CIV,Cote d'Ivoire,Multilateral,current,USD million,332.3676
2019,CMR,Cameroon,Multilateral,current,USD million,189.4346
2019,COD,"Congo, Dem. Rep.",Multilateral,current,USD million,9.4262
2019,COG,"Congo, Rep.",Multilateral,current,USD million,324.518
2019,COL,Colombia,Multilateral,current,USD million,2028.6587
2019,COM,Comoros,Multilateral,current,USD million,12.3159
2019,CPV,Cabo Verde,Multilateral,current,USD million,35.9561
2019,CRI,Costa Rica,Multilateral,current,USD million,951.6139
2019,DJI,Djibouti,Multilateral,current,USD million,58.6003
2019,DMA,Dominica,Multilateral,current,USD million,4.464
2019,DOM,Dominican Republic,Multilateral,current,USD million,627.1736
2019,ECU,Ecuador,Multilateral,current,USD million,2010.6586
2019,EGY,"Egypt, Arab Rep.",Multilateral,current,USD million,3427.4719
2019,ETH,Ethiopia,Multilateral,current,USD million,98.2782
2019,FJI,Fiji,Multilateral,current,USD million,16.993
2019,GAB,Gabon,Multilateral,current,USD million,351.2877
2019,GEO,Georgia,Multilateral,current,USD million,367.4975
2019,GHA,Ghana,Multilateral,current,USD million,112.104
2019,GIN,Guinea,Multilateral,current,USD million,56.8524
2019,GMB,"Gambia, The",Multilateral,current,USD million,15.9565
2019,GNB,Guinea-Bissau,Multilateral,current,USD million,34.8173
2019,GRD,Grenada,Multilateral,current,USD million,0.705
2019,GTM,Guatemala,Multilateral,current,USD million,50.115
2019,GUY,Guyana,Multilateral,current,USD million,42.606
2019,HND,Honduras,Multilateral,current,USD million,348.006
2019,HTI,Haiti,Multilateral,current,USD million,2.963
2019,IDN,Indonesia,Multilateral,current,USD million,3621.803
2019,IND,India,Multilateral,current,USD million,6410.247
2019,IRN,"Iran, Islamic Rep.",Multilateral,current,USD million,7.6023
2019,IRQ,Iraq,Multilateral,current,USD million,140.699
2019,JAM,Jamaica,Multilateral,current,USD million,145.828
2019,JOR,Jordan,Multilateral,current,USD million,1255.3445
2019,KAZ,Kazakhstan,Multilateral,current,USD million,339.0726
2019,KEN,Kenya,Multilateral,current,USD million,2396.8867
2019,KGZ,Kyrgyz Republic,Multilateral,current,USD million,19.6197
2019,KHM,Cambodia,Multilateral,current,USD million,3.5543
2019,LAO,Lao PDR,Multilateral,current,USD million,86.311
2019,LBN,Lebanon,Multilateral,current,USD million,111.7094
2019,LCA,St. Lucia,Multilateral,current,USD million,19.368
2019,LKA,Sri Lanka,Multilateral,current,USD million,588.102
2019,LSO,Lesotho,Multilateral,current,USD million,33.208
2019,MAR,Morocco,Multilateral,current,USD million,2224.5183
2019,MDA,Moldova,Multilateral,current,USD million,127.6365
2019,MDG,Madagascar,Multilateral,current,USD million,76.9605
2019,MDV,Maldives,Multilateral,current,USD million,208.6623
2019,MEX,Mexico,Multilateral,current,USD million,1973.511
2019,MKD,North Macedonia,Multilateral,current,USD million,296.6606
2019,MLI,Mali,Multilateral,current,USD million,70.7909
2019,MMR,Myanmar,Multilateral,current,USD million,6.0212
2019,MNE,Montenegro,Multilateral,current,USD million,56.2688
2019,MNG,Mongolia,Multilateral,current,USD million,278.183
2019,MOZ,Mozambique,Multilateral,current,USD million,21.9976
2019,MRT,Mauritania,Multilateral,current,USD million,238.9875
2019,MUS,Mauritius,Multilateral,current,USD million,101.5835
2019,MWI,Malawi,Multilateral,current,USD million,24.7864
2019,NER,Niger,Multilateral,current,USD million,58.1226
2019,NGA,Nigeria,Multilateral,current,USD million,1561.9003
2019,NIC,Nicaragua,Multilateral,current,USD million,429.633
2019,NPL,Nepal,Multilateral,current,USD million,35.798
2019,PAK,Pakistan,Multilateral,current,USD million,4136.3711
2019,PER,Peru,Multilateral,current,USD million,951.354
2019,PHL,Philippines,Multilateral,current,USD million,1787.087
2019,PNG,Papua New Guinea,Multilateral,current,USD million,298.346
2019,PRY,Paraguay,Multilateral,current,USD million,405.8455
2019,RUS,Russian Federation,Multilateral,current,USD million,23.609
2019,RWA,Rwanda,Multilateral,current,USD million,153.3745
2019,SDN,Sudan,Multilateral,current,USD million,312.6533
2019,SEN,Senegal,Multilateral,current,USD million,526.1193
2019,SLE,Sierra Leone,Multilateral,current,USD million,10.163
2019,SLV,El Salvador,Multilateral,current,USD million,424.93
2019,SRB,Serbia,Multilateral,current,USD million,682.6201
2019,STP,Sao Tome and Principe,Multilateral,current,USD million,2.782
2019,SUR,Suriname,Multilateral,current,USD million,53.848
2019,SWZ,Eswatini,Multilateral,current,USD million,35.8159
2019,TCD,Chad,Multilateral,current,USD million,11.7399
2019,TGO,Togo,Multilateral,current,USD million,18.6957
2019,TJK,Tajikistan,Multilateral,current,USD million,41.6859
2019,TKM,Turkmenistan,Multilateral,current,USD million,114.275
2019,TLS,Timor-Leste,Multilateral,current,USD million,38.174
2019,TUN,Tunisia,Multilateral,current,USD million,1310.2063
2019,TUR,Turkiye,Multilateral,current,USD million,1246.3912
2019,TZA,Tanzania,Multilateral,current,USD million,189.535
2019,UGA,Uganda,Multilateral,current,USD million,183.1305
2019,UKR,Ukraine,Multilateral,current,USD million,505.3671
2019,UZB,Uzbekistan,Multilateral,current,USD million,1806.6295
2019,VCT,St. Vincent and the Grenadines,Multilateral,current,USD million,10.639
2019,VNM,Viet Nam,Multilateral,current,USD million,1024.446
2019,WSM,Samoa,Multilateral,current,USD million,0.291
2019,XKX,Kosovo,Multilateral,current,USD million,26.6921
2019,YEM,"Yemen, Rep.",Multilateral,current,USD million,65.5303
2019,ZAF,South Africa,Multilateral,current,USD million,239.0182
2019,ZMB,Zambia,Multilateral,current,USD million,222.7066
2019,ZWE,Zimbabwe,Multilateral,current,USD million,7.256
2020,AGO,Angola,Multilateral,current,USD million,310.7433
2020,ALB,Albania,Multilateral,current,USD million,229.8079
2020,ARG,Argentina,Multilateral,current,USD million,3306.1335
2020,ARM,Armenia,Multilateral,current,USD million,93.0357
2020,AZE,Azerbaijan,Multilateral,current,USD million,393.109
2020,BDI,Burundi,Multilateral,current,USD million,2.116
2020,BEN,Benin,Multilateral,current,USD million,254.1492
2020,BFA,Burkina Faso,Multilateral,current,USD million,70.6942
2020,BGD,Bangladesh,Multilateral,current,USD million,2436.6627
2020,BGR,Bulgaria,Multilateral,current,USD million,343.4971
2020,BIH,Bosnia and Herzegovina,Multilateral,current,USD million,327.285
2020,BLR,Belarus,Multilateral,current,USD million,613.5954
2020,BLZ,Belize,Multilateral,current,USD million,81.755
2020,BOL,Bolivia,Multilateral,current,USD million,1135.879
2020,BRA,Brazil,Multilateral,current,USD million,2759.3383
2020,BTN,Bhutan,Multilateral,current,USD million,9.296
2020,BWA,Botswana,Multilateral,current,USD million,74.1564
2020,CHN,China,Multilateral,current,USD million,2911.1722
2020,CIV,Cote d'Ivoire,Multilateral,current,USD million,732.3355
2020,CMR,Cameroon,Multilateral,current,USD million,466.1676
2020,COG,"Congo, Rep.",Multilateral,current,USD million,116.6508
2020,COL,Colombia,Multilateral,current,USD million,3310.331
2020,COM,Comoros,Multilateral,current,USD million,0.9908
2020,CPV,Cabo Verde,Multilateral,current,USD million,50.7281
2020,CRI,Costa Rica,Multilateral,current,USD million,489.815
2020,DJI,Djibouti,Multilateral,current,USD million,27.2665
2020,DMA,Dominica,Multilateral,current,USD million,21.988
2020,DOM,Dominican Republic,Multilateral,current,USD million,1085.63
2020,ECU,Ecuador,Multilateral,current,USD million,3037.198
2020,EGY,"Egypt, Arab Rep.",Multilateral,current,USD million,5648.3094
2020,ETH,Ethiopia,Multilateral,current,USD million,149.0349
2020,FJI,Fiji,Multilateral,current,USD million,325.361
2020,GAB,Gabon,Multilateral,current,USD million,193.8199
2020,GEO,Georgia,Multilateral,current,USD million,693.4004
2020,GHA,Ghana,Multilateral,current,USD million,357.1189
2020,GIN,Guinea,Multilateral,current,USD million,51.9121
2020,GMB,"Gambia, The",Multilateral,current,USD million,20.9011
2020,GNB,Guinea-Bissau,Multilateral,current,USD million,62.7575
2020,GRD,Grenada,Multilateral,current,USD million,1.542
2020,GTM,Guatemala,Multilateral,current,USD million,492.379
2020,GUY,Guyana,Multilateral,current,USD million,25.949
2020,HND,Honduras,Multilateral,current,USD million,984.69
2020,IDN,Indonesia,Multilateral,current,USD million,4664.1759
2020,IND,India,Multilateral,current,USD million,9728.1484
2020,IRN,"Iran, Islamic Rep.",Multilateral,current,USD million,51.506
2020,IRQ,Iraq,Multilateral,current,USD million,124.955
2020,JAM,Jamaica,Multilateral,current,USD million,219.086
2020,JOR,Jordan,Multilateral,current,USD million,674.0603
2020,KAZ,Kazakhstan,Multilateral,current,USD million,1327.9733
2020,KEN,Kenya,Multilateral,current,USD million,1627.8598
2020,KGZ,Kyrgyz Republic,Multilateral,current,USD million,28.2103
2020,KHM,Cambodia,Multilateral,current,USD million,62.437
2020,LAO,Lao PDR,Multilateral,current,USD million,52.056
2020,LBN,Lebanon,Multilateral,current,USD million,104.9787
2020,LBR,Liberia,Multilateral,current,USD million,11.203
2020,LCA,St. Lucia,Multilateral,current,USD million,25.438
2020,LKA,Sri Lanka,Multilateral,current,USD million,1025.081
2020,LSO,Lesotho,Multilateral,current,USD million,33.952
2020,MAR,Morocco,Multilateral,current,USD million,2971.822
2020,MDA,Moldova,Multilateral,current,USD million,232.8119
2020,MDG,Madagascar,Multilateral,current,USD million,89.1615
2020,MDV,Maldives,Multilateral,current,USD million,57.6671
2020,MEX,Mexico,Multilateral,current,USD million,1798.736
2020,MKD,North Macedonia,Multilateral,current,USD million,266.8497
2020,MLI,Mali,Multilateral,current,USD million,82.6346
2020,MMR,Myanmar,Multilateral,current,USD million,46.0281
2020,MNE,Montenegro,Multilateral,current,USD million,87.5566
2020,MNG,Mongolia,Multilateral,current,USD million,577.6711
2020,MOZ,Mozambique,Multilateral,current,USD million,15.681
2020,MRT,Mauritania,Multilateral,current,USD million,110.5767
2020,MUS,Mauritius,Multilateral,current,USD million,213.5656
2020,MWI,Malawi,Multilateral,current,USD million,7.0996
2020,NER,Niger,Multilateral,current,USD million,172.9083
2020,NGA,Nigeria,Multilateral,current,USD million,1500.4675
2020,NIC,Nicaragua,Multilateral,current,USD million,591.611
2020,NPL,Nepal,Multilateral,current,USD million,10.317
2020,PAK,Pakistan,Multilateral,current,USD million,4858.9145
2020,PER,Peru,Multilateral,current,USD million,2399.773
2020,PHL,Philippines,Multilateral,current,USD million,7056.033
2020,PNG,Papua New Guinea,Multilateral,current,USD million,717.7878
2020,PRY,Paraguay,Multilateral,current,USD million,1740.6799
2020,RUS,Russian Federation,Multilateral,current,USD million,13.574
2020,RWA,Rwanda,Multilateral,current,USD million,58.6388
2020,SDN,Sudan,Multilateral,current,USD million,4.7226
2020,SEN,Senegal,Multilateral,current,USD million,524.5252
2020,SLE,Sierra Leone,Multilateral,current,USD million,7.084
2020,SLV,El Salvador,Multilateral,current,USD million,468.9849
2020,SRB,Serbia,Multilateral,current,USD million,320.9325
2020,SUR,Suriname,Multilateral,current,USD million,41.979
2020,SWZ,Eswatini,Multilateral,current,USD million,46.3902
2020,TCD,Chad,Multilateral,current,USD million,36.437
2020,TGO,Togo,Multilateral,current,USD million,23.8856
2020,TJK,Tajikistan,Multilateral,current,USD million,159.1637
2020,TKM,Turkmenistan,Multilateral,current,USD million,232.678
2020,TLS,Timor-Leste,Multilateral,current,USD million,25.616
2020,TON,Tonga,Multilateral,current,USD million,0.2758
2020,TUN,Tunisia,Multilateral,current,USD million,1347.901
2020,TUR,Turkiye,Multilateral,current,USD million,1440.175
2020,TZA,Tanzania,Multilateral,current,USD million,277.1665
2020,UGA,Uganda,Multilateral,current,USD million,826.3005
2020,UKR,Ukraine,Multilateral,current,USD million,974.4521
2020,UZB,Uzbekistan,Multilateral,current,USD million,2288.8516
2020,VCT,St. Vincent and the Grenadines,Multilateral,current,USD million,17.094
2020,VNM,Viet Nam,Multilateral,current,USD million,1203.7491
2020,WSM,Samoa,Multilateral,current,USD million,0.139
2020,XKX,Kosovo,Multilateral,current,USD million,44.4301
2020,YEM,"Yemen, Rep.",Multilateral,current,USD million,37.6058
2020,ZAF,South Africa,Multilateral,current,USD million,1358.3916
2020,ZMB,Zambia,Multilateral,current,USD million,692.4279
2020,ZWE,Zimbabwe,Multilateral,current,USD million,5.079
2021,AGO,Angola,Multilateral,current,USD million,938.7167
2021,ALB,Albania,Multilateral,current,USD million,402.1347
2021,ARG,Argentina,Multilateral,current,USD million,3652.8574
2021,ARM,Armenia,Multilateral,current,USD million,157.9983
2021,AZE,Azerbaijan,Multilateral,current,USD million,522.681
2021,BDI,Burundi,Multilateral,current,USD million,31.2212
2021,BEN,Benin,Multilateral,current,USD million,112.1903
2021,BFA,Burkina Faso,Multilateral,current,USD million,77.9364
2021,BGD,Bangladesh,Multilateral,current,USD million,3224.9319
2021,BGR,Bulgaria,Multilateral,current,USD million,536.1762
2021,BIH,Bosnia and Herzegovina,Multilateral,current,USD million,301.7691
2021,BLR,Belarus,Multilateral,current,USD million,608.0381
2021,BLZ,Belize,Multilateral,current,USD million,79.12
2021,BOL,Bolivia,Multilateral,current,USD million,887.0927
2021,BRA,Brazil,Multilateral,current,USD million,3501.372
2021,BTN,Bhutan,Multilateral,current,USD million,8.981
2021,BWA,Botswana,Multilateral,current,USD million,329.3726
2021,CHN,China,Multilateral,current,USD million,3282.939
2021,CIV,Cote d'Ivoire,Multilateral,current,USD million,465.1657
2021,CMR,Cameroon,Multilateral,current,USD million,460.0368
2021,COG,"Congo, Rep.",Multilateral,current,USD million,109.4849
2021,COL,Colombia,Multilateral,current,USD million,4241.0835
2021,COM,Comoros,Multilateral,current,USD million,6.6345
2021,CPV,Cabo Verde,Multilateral,current,USD million,42.2126
2021,CRI,Costa Rica,Multilateral,current,USD million,731.852
2021,DJI,Djibouti,Multilateral,current,USD million,19.682
2021,DMA,Dominica,Multilateral,current,USD million,6.004
2021,DOM,Dominican Republic,Multilateral,current,USD million,129.685
2021,ECU,Ecuador,Multilateral,current,USD million,2287.335
2021,EGY,"Egypt, Arab Rep.",Multilateral,current,USD million,5349.8791
2021,ETH,Ethiopia,Multilateral,current,USD million,95.3185
2021,FJI,Fiji,Multilateral,current,USD million,52.824
2021,GAB,Gabon,Multilateral,current,USD million,69.2409
2021,GEO,Georgia,Multilateral,current,USD million,975.3146
2021,GHA,Ghana,Multilateral,current,USD million,466.0015
2021,GIN,Guinea,Multilateral,current,USD million,115.4111
2021,GMB,"Gambia, The",Multilateral,current,USD million,6.416
2021,GNB,Guinea-Bissau,Multilateral,current,USD million,24.2152
2021,GRD,Grenada,Multilateral,current,USD million,5.0892
2021,GTM,Guatemala,Multilateral,current,USD million,44.072
2021,GUY,Guyana,Multilateral,current,USD million,106.778
2021,HND,Honduras,Multilateral,current,USD million,382.709
2021,IDN,Indonesia,Multilateral,current,USD million,3259.2992
2021,IND,India,Multilateral,current,USD million,6229.1397
2021,IRN,"Iran, Islamic Rep.",Multilateral,current,USD million,0.129
2021,IRQ,Iraq,Multilateral,current,USD million,189.633
2021,JAM,Jamaica,Multilateral,current,USD million,288.963
2021,JOR,Jordan,Multilateral,current,USD million,1114.6269
2021,KAZ,Kazakhstan,Multilateral,current,USD million,1072.8858
2021,KEN,Kenya,Multilateral,current,USD million,1168.0116
2021,KGZ,Kyrgyz Republic,Multilateral,current,USD million,32.4859
2021,KHM,Cambodia,Multilateral,current,USD million,30.128
2021,LAO,Lao PDR,Multilateral,current,USD million,70.307
2021,LBN,Lebanon,Multilateral,current,USD million,107.0795
2021,LCA,St. Lucia,Multilateral,current,USD million,14.896
2021,LKA,Sri Lanka,Multilateral,current,USD million,1199.283
2021,LSO,Lesotho,Multilateral,current,USD million,49.863
2021,MAR,Morocco,Multilateral,current,USD million,1755.4541
2021,MDA,Moldova,Multilateral,current,USD million,202.3713
2021,MDG,Madagascar,Multilateral,current,USD million,62.8166
2021,MDV,Maldives,Multilateral,current,USD million,178.9696
2021,MEX,Mexico,Multilateral,current,USD million,2350.467
2021,MKD,North Macedonia,Multilateral,current,USD million,216.5026
2021,MLI,Mali,Multilateral,current,USD million,75.8572
2021,MMR,Myanmar,Multilateral,current,USD million,4.17
2021,MNE,Montenegro,Multilateral,current,USD million,79.7599
2021,MNG,Mongolia,Multilateral,current,USD million,327.736
2021,MOZ,Mozambique,Multilateral,current,USD million,11.6464
2021,MRT,Mauritania,Multilateral,current,USD million,67.0518
2021,MWI,Malawi,Multilateral,current,USD million,40.9286
2021,NER,Niger,Multilateral,current,USD million,140.103
2021,NGA,Nigeria,Multilateral,current,USD million,1533.4479
2021,NIC,Nicaragua,Multilateral,current,USD million,768.422
2021,NPL,Nepal,Multilateral,current,USD million,11.284
2021,PAK,Pakistan,Multilateral,current,USD million,3580.1409
2021,PER,Peru,Multilateral,current,USD million,2427.0121
2021,PHL,Philippines,Multilateral,current,USD million,4066.14
2021,PNG,Papua New Guinea,Multilateral,current,USD million,469.7904
2021,PRY,Paraguay,Multilateral,current,USD million,766.8572
2021,RUS,Russian Federation,Multilateral,current,USD million,18.973
2021,RWA,Rwanda,Multilateral,current,USD million,38.3804
2021,SDN,Sudan,Multilateral,current,USD million,4.2865
2021,SEN,Senegal,Multilateral,current,USD million,398.0901
2021,SLE,Sierra Leone,Multilateral,current,USD million,3.668
2021,SLV,El Salvador,Multilateral,current,USD million,1192.3954
2021,SRB,Serbia,Multilateral,current,USD million,557.8691
2021,SUR,Suriname,Multilateral,current,USD million,40.535
2021,SWZ,Eswatini,Multilateral,current,USD million,95.3349
2021,TCD,Chad,Multilateral,current,USD million,114.97
2021,TGO,Togo,Multilateral,current,USD million,11.8348
2021,THA,Thailand,Multilateral,current,USD million,1500.0
2021,TJK,Tajikistan,Multilateral,current,USD million,130.9095
2021,TKM,Turkmenistan,Multilateral,current,USD million,163.604
2021,TLS,Timor-Leste,Multilateral,current,USD million,18.49
2021,TON,Tonga,Multilateral,current,USD million,0.1581
2021,TUN,Tunisia,Multilateral,current,USD million,831.2953
2021,TUR,Turkiye,Multilateral,current,USD million,1856.0863
2021,TZA,Tanzania,Multilateral,current,USD million,172.358
2021,UGA,Uganda,Multilateral,current,USD million,500.4862
2021,UKR,Ukraine,Multilateral,current,USD million,1528.8712
2021,UZB,Uzbekistan,Multilateral,current,USD million,1196.3098
2021,VCT,St. Vincent and the Grenadines,Multilateral,current,USD million,9.823
2021,VNM,Viet Nam,Multilateral,current,USD million,1055.257
2021,XKX,Kosovo,Multilateral,current,USD million,53.2091
2021,YEM,"Yemen, Rep.",Multilateral,current,USD million,13.446
2021,ZAF,South Africa,Multilateral,current,USD million,1108.682
2021,ZMB,Zambia,Multilateral,current,USD million,203.0613
2021,ZWE,Zimbabwe,Multilateral,current,USD million,4.975
2022,AGO,Angola,Multilateral,current,USD million,892.1543
2022,ALB,Albania,Multilateral,current,USD million,198.8217
2022,ARG,Argentina,Multilateral,current,USD million,4452.4115
2022,ARM,Armenia,Multilateral,current,USD million,207.1142
2022,AZE,Azerbaijan,Multilateral,current,USD million,121.307
2022,BDI,Burundi,Multilateral,current,USD million,10.9745
2022,BEN,Benin,Multilateral,current,USD million,175.9941
2022,BFA,Burkina Faso,Multilateral,current,USD million,117.8263
2022,BGD,Bangladesh,Multilateral,current,USD million,3527.5678
2022,BGR,Bulgaria,Multilateral,current,USD million,525.031
2022,BIH,Bosnia and Herzegovina,Multilateral,current,USD million,264.6081
2022,BLR,Belarus,Multilateral,current,USD million,223.7445
2022,BLZ,Belize,Multilateral,current,USD million,48.531
2022,BOL,Bolivia,Multilateral,current,USD million,984.64
2022,BRA,Brazil,Multilateral,current,USD million,3160.5712
2022,BTN,Bhutan,Multilateral,current,USD million,12.494
2022,BWA,Botswana,Multilateral,current,USD million,201.0426
2022,CHN,China,Multilateral,current,USD million,2289.545
2022,CIV,Cote d'Ivoire,Multilateral,current,USD million,1087.3988
2022,CMR,Cameroon,Multilateral,current,USD million,372.0259
2022,COD,"Congo, Dem. Rep.",Multilateral,current,USD million,5.974
2022,COG,"Congo, Rep.",Multilateral,current,USD million,103.5754
2022,COL,Colombia,Multilateral,current,USD million,2962.117
2022,COM,Comoros,Multilateral,current,USD million,7.9272
2022,CPV,Cabo Verde,Multilateral,current,USD million,58.486
2022,CRI,Costa Rica,Multilateral,current,USD million,1904.783
2022,DJI,Djibouti,Multilateral,current,USD million,16.6358
2022,DMA,Dominica,Multilateral,current,USD million,12.182
2022,DOM,Dominican Republic,Multilateral,current,USD million,554.11
2022,ECU,Ecuador,Multilateral,current,USD million,2622.283
2022,EGY,"Egypt, Arab Rep.",Multilateral,current,USD million,5573.9665
2022,ETH,Ethiopia,Multilateral,current,USD million,139.3743
2022,FJI,Fiji,Multilateral,current,USD million,316.359
2022,GAB,Gabon,Multilateral,current,USD million,170.1043
2022,GEO,Georgia,Multilateral,current,USD million,680.3244
2022,GHA,Ghana,Multilateral,current,USD million,1186.5686
2022,GIN,Guinea,Multilateral,current,USD million,47.8022
2022,GMB,"Gambia, The",Multilateral,current,USD million,28.1263
2022,GNB,Guinea-Bissau,Multilateral,current,USD million,18.5198
2022,GRD,Grenada,Multilateral,current,USD million,9.0536
2022,GTM,Guatemala,Multilateral,current,USD million,588.556
2022,GUY,Guyana,Multilateral,current,USD million,176.813
2022,HND,Honduras,Multilateral,current,USD million,778.711
2022,IDN,Indonesia,Multilateral,current,USD million,4971.632
2022,IND,India,Multilateral,current,USD million,6837.859
2022,IRN,"Iran, Islamic Rep.",Multilateral,current,USD million,85.399
2022,IRQ,Iraq,Multilateral,current,USD million,174.396
2022,JAM,Jamaica,Multilateral,current,USD million,151.432
2022,JOR,Jordan,Multilateral,current,USD million,382.4053
2022,KAZ,Kazakhstan,Multilateral,current,USD million,570.5539
2022,KEN,Kenya,Multilateral,current,USD million,1569.5756
2022,KGZ,Kyrgyz Republic,Multilateral,current,USD million,14.6527
2022,KHM,Cambodia,Multilateral,current,USD million,22.6127
2022,LAO,Lao PDR,Multilateral,current,USD million,83.412
2022,LBN,Lebanon,Multilateral,current,USD million,232.2016
2022,LCA,St. Lucia,Multilateral,current,USD million,8.502
2022,LKA,Sri Lanka,Multilateral,current,USD million,1273.606
2022,LSO,Lesotho,Multilateral,current,USD million,39.063
2022,MAR,Morocco,Multilateral,current,USD million,2770.593
2022,MDA,Moldova,Multilateral,current,USD million,422.1547
2022,MDG,Madagascar,Multilateral,current,USD million,57.4143
2022,MDV,Maldives,Multilateral,current,USD million,26.6843
2022,MEX,Mexico,Multilateral,current,USD million,1611.123
2022,MKD,North Macedonia,Multilateral,current,USD million,175.905
2022,MLI,Mali,Multilateral,current,USD million,107.0502
2022,MMR,Myanmar,Multilateral,current,USD million,0.067
2022,MNE,Montenegro,Multilateral,current,USD million,63.5736
2022,MNG,Mongolia,Multilateral,current,USD million,324.6384
2022,MOZ,Mozambique,Multilateral,current,USD million,8.363
2022,MRT,Mauritania,Multilateral,current,USD million,79.2036
2022,MUS,Mauritius,Multilateral,current,USD million,3.134
2022,MWI,Malawi,Multilateral,current,USD million,45.3043
2022,NER,Niger,Multilateral,current,USD million,369.2176
2022,NGA,Nigeria,Multilateral,current,USD million,2445.4662
2022,NIC,Nicaragua,Multilateral,current,USD million,626.613
2022,NPL,Nepal,Multilateral,current,USD million,10.444
2022,PAK,Pakistan,Multilateral,current,USD million,4398.8779
2022,PER,Peru,Multilateral,current,USD million,1397.0147
2022,PHL,Philippines,Multilateral,current,USD million,3341.576
2022,PNG,Papua New Guinea,Multilateral,current,USD million,397.6
2022,PRY,Paraguay,Multilateral,current,USD million,1443.7101
2022,RUS,Russian Federation,Multilateral,current,USD million,0.63
2022,RWA,Rwanda,Multilateral,current,USD million,35.7234
2022,SEN,Senegal,Multilateral,current,USD million,358.0358
2022,SLE,Sierra Leone,Multilateral,current,USD million,3.038
2022,SLV,El Salvador,Multilateral,current,USD million,625.2921
2022,SRB,Serbia,Multilateral,current,USD million,497.0098
2022,SUR,Suriname,Multilateral,current,USD million,278.875
2022,SWZ,Eswatini,Multilateral,current,USD million,191.2643
2022,TCD,Chad,Multilateral,current,USD million,5.0747
2022,TGO,Togo,Multilateral,current,USD million,17.3864
2022,TJK,Tajikistan,Multilateral,current,USD million,101.5055
2022,TKM,Turkmenistan,Multilateral,current,USD million,339.713
2022,TLS,Timor-Leste,Multilateral,current,USD million,25.658
2022,TUN,Tunisia,Multilateral,current,USD million,858.8417
2022,TUR,Turkiye,Multilateral,current,USD million,2043.3791
2022,TZA,Tanzania,Multilateral,current,USD million,810.9417
2022,UGA,Uganda,Multilateral,current,USD million,99.4571
2022,UKR,Ukraine,Multilateral,current,USD million,12005.602
2022,UZB,Uzbekistan,Multilateral,current,USD million,2891.0922
2022,VCT,St. Vincent and the Grenadines,Multilateral,current,USD million,41.4286
2022,VNM,Viet Nam,Multilateral,current,USD million,1102.392
2022,WSM,Samoa,Multilateral,current,USD million,0.276
2022,XKX,Kosovo,Multilateral,current,USD million,54.755
2022,YEM,"Yemen, Rep.",Multilateral,current,USD million,9.1554
2022,ZAF,South Africa,Multilateral,current,USD million,1154.4284
2022,ZMB,Zambia,Multilateral,current,USD million,865.1498
2022,ZWE,Zimbabwe,Multilateral,current,USD million,1.079
2023,AFG,Afghanistan,Multilateral,current,USD million,8.9793
2023,AGO,Angola,Multilateral,current,USD million,425.8348
2023,ALB,Albania,Multilateral,current,USD million,167.6644
2023,ARG,Argentina,Multilateral,current,USD million,3144.0092
2023,ARM,Armenia,Multilateral,current,USD million,199.9621
2023,AZE,Azerbaijan,Multilateral,current,USD million,140.4041
2023,BDI,Burundi,Multilateral,current,USD million,45.2659
2023,BEN,Benin,Multilateral,current,USD million,830.0303
2023,BFA,Burkina Faso,Multilateral,current,USD million,589.4262
2023,BGD,Bangladesh,Multilateral,current,USD million,4499.3511
2023,BIH,Bosnia and Herzegovina,Multilateral,current,USD million,388.6997
2023,BLR,Belarus,Multilateral,current,USD million,215.9965
2023,BLZ,Belize,Multilateral,current,USD million,81.1807
2023,BOL,Bolivia,Multilateral,current,USD million,1492.3419
2023,BRA,Brazil,Multilateral,current,USD million,1868.0581
2023,BTN,Bhutan,Multilateral,current,USD million,51.1826
2023,BWA,Botswana,Multilateral,current,USD million,53.3346
2023,CAF,Central African Republic,Multilateral,current,USD million,7.063
2023,CHN,China,Multilateral,current,USD million,2750.2739
2023,CIV,Cote d'Ivoire,Multilateral,current,USD million,1475.0003
2023,CMR,Cameroon,Multilateral,current,USD million,899.909
2023,COD,"Congo, Dem. Rep.",Multilateral,current,USD million,532.2557
2023,COG,"Congo, Rep.",Multilateral,current,USD million,200.4406
2023,COL,Colombia,Multilateral,current,USD million,575.2461
2023,COM,Comoros,Multilateral,current,USD million,24.4573
2023,CPV,Cabo Verde,Multilateral,current,USD million,30.5563
2023,CRI,Costa Rica,Multilateral,current,USD million,687.9649
2023,DJI,Djibouti,Multilateral,current,USD million,125.838
2023,DMA,Dominica,Multilateral,current,USD million,30.9194
2023,DOM,Dominican Republic,Multilateral,current,USD million,841.1839
2023,ECU,Ecuador,Multilateral,current,USD million,902.1369
2023,EGY,"Egypt, Arab Rep.",Multilateral,current,USD million,2314.7917
2023,ERI,Eritrea,Multilateral,current,USD million,1.4197
2023,ETH,Ethiopia,Multilateral,current,USD million,1094.4195
2023,FJI,Fiji,Multilateral,current,USD million,74.435
2023,GAB,Gabon,Multilateral,current,USD million,186.9224
2023,GEO,Georgia,Multilateral,current,USD million,768.5126
2023,GHA,Ghana,Multilateral,current,USD million,486.1942
2023,GIN,Guinea,Multilateral,current,USD million,302.285
2023,GMB,"Gambia, The",Multilateral,current,USD million,73.6624
2023,GNB,Guinea-Bissau,Multilateral,current,USD million,62.732
2023,GRD,Grenada,Multilateral,current,USD million,38.0161
2023,GTM,Guatemala,Multilateral,current,USD million,326.0129
2023,GUY,Guyana,Multilateral,current,USD million,103.7854
2023,HND,Honduras,Multilateral,current,USD million,460.3827
2023,IDN,Indonesia,Multilateral,current,USD million,1976.143
2023,IND,India,Multilateral,current,USD million,8852.2089
2023,IRN,"Iran, Islamic Rep.",Multilateral,current,USD million,0.7608
2023,IRQ,Iraq,Multilateral,current,USD million,295.3849
2023,JAM,Jamaica,Multilateral,current,USD million,83.7042
2023,JOR,Jordan,Multilateral,current,USD million,857.7118
2023,KAZ,Kazakhstan,Multilateral,current,USD million,653.0303
2023,KEN,Kenya,Multilateral,current,USD million,1367.4256
2023,KGZ,Kyrgyz Republic,Multilateral,current,USD million,322.7867
2023,KHM,Cambodia,Multilateral,current,USD million,522.5181
2023,LAO,Lao PDR,Multilateral,current,USD million,161.3654
2023,LBN,Lebanon,Multilateral,current,USD million,504.5993
2023,LBR,Liberia,Multilateral,current,USD million,137.5591
2023,LCA,St. Lucia,Multilateral,current,USD million,52.9733
2023,LKA,Sri Lanka,Multilateral,current,USD million,987.7968
2023,LSO,Lesotho,Multilateral,current,USD million,96.5493
2023,MAR,Morocco,Multilateral,current,USD million,2020.4812
2023,MDA,Moldova,Multilateral,current,USD million,420.8229
2023,MDG,Madagascar,Multilateral,current,USD million,378.9035
2023,MDV,Maldives,Multilateral,current,USD million,165.497
2023,MEX,Mexico,Multilateral,current,USD million,181.5265
2023,MKD,North Macedonia,Multilateral,current,USD million,277.2176
2023,MLI,Mali,Multilateral,current,USD million,511.4909
2023,MMR,Myanmar,Multilateral,current,USD million,640.7356
2023,MNE,Montenegro,Multilateral,current,USD million,92.4807
2023,MNG,Mongolia,Multilateral,current,USD million,359.7724
2023,MOZ,Mozambique,Multilateral,current,USD million,177.6249
2023,MRT,Mauritania,Multilateral,current,USD million,497.8176
2023,MUS,Mauritius,Multilateral,current,USD million,8.3338
2023,MWI,Malawi,Multilateral,current,USD million,237.3913
2023,NER,Niger,Multilateral,current,USD million,644.3282
2023,NGA,Nigeria,Multilateral,current,USD million,2059.8241
2023,NIC,Nicaragua,Multilateral,current,USD million,1175.5653
2023,NPL,Nepal,Multilateral,current,USD million,1106.3403
2023,PAK,Pakistan,Multilateral,current,USD million,3335.585
2023,PER,Peru,Multilateral,current,USD million,666.4095
2023,PHL,Philippines,Multilateral,current,USD million,1423.6286
2023,PNG,Papua New Guinea,Multilateral,current,USD million,324.3097
2023,PRY,Paraguay,Multilateral,current,USD million,1475.8735
2023,RUS,Russian Federation,Multilateral,current,USD million,3.5754
2023,RWA,Rwanda,Multilateral,current,USD million,655.5908
2023,SDN,Sudan,Multilateral,current,USD million,245.661
2023,SEN,Senegal,Multilateral,current,USD million,1816.5473
2023,SLB,Solomon Islands,Multilateral,current,USD million,40.51
2023,SLE,Sierra Leone,Multilateral,current,USD million,56.0214
2023,SLV,El Salvador,Multilateral,current,USD million,670.774
2023,SRB,Serbia,Multilateral,current,USD million,893.8091
2023,STP,Sao Tome and Principe,Multilateral,current,USD million,4.2281
2023,SUR,Suriname,Multilateral,current,USD million,161.8677
2023,SWZ,Eswatini,Multilateral,current,USD million,64.4267
2023,SYR,Syrian Arab Republic,Multilateral,current,USD million,0.0006
2023,TCD,Chad,Multilateral,current,USD million,214.3833
2023,TGO,Togo,Multilateral,current,USD million,249.6526
2023,TJK,Tajikistan,Multilateral,current,USD million,278.441
2023,TKM,Turkmenistan,Multilateral,current,USD million,215.221
2023,TLS,Timor-Leste,Multilateral,current,USD million,118.0818
2023,TON,Tonga,Multilateral,current,USD million,1.9478
2023,TUN,Tunisia,Multilateral,current,USD million,1522.7253
2023,TUR,Turkiye,Multilateral,current,USD million,2060.2373
2023,TZA,Tanzania,Multilateral,current,USD million,1406.0006
2023,UGA,Uganda,Multilateral,current,USD million,840.7612
2023,UKR,Ukraine,Multilateral,current,USD million,1572.1494
2023,UZB,Uzbekistan,Multilateral,current,USD million,1846.4538
2023,VCT,St. Vincent and the Grenadines,Multilateral,current,USD million,94.2436
2023,VNM,Viet Nam,Multilateral,current,USD million,1401.5544
2023,VUT,Vanuatu,Multilateral,current,USD million,13.925
2023,WSM,Samoa,Multilateral,current,USD million,0.8699
2023,XKX,Kosovo,Multilateral,current,USD million,136.9745
2023,YEM,"Yemen, Rep.",Multilateral,current,USD million,396.0589
2023,ZAF,South Africa,Multilateral,current,USD million,213.0756
2023,ZMB,Zambia,Multilateral,current,USD million,480.073
2023,ZWE,Zimbabwe,Multilateral,current,USD million,14.0642
2024,AFG,Afghanistan,Multilateral,current,USD million,20.6096
2024,AGO,Angola,Multilateral,current,USD million,548.5032
2024,ALB,Albania,Multilateral,current,USD million,197.8122
2024,ARG,Argentina,Multilateral,current,USD million,2462.5875
2024,ARM,Armenia,Multilateral,current,USD million,182.6858
2024,AZE,Azerbaijan,Multilateral,current,USD million,71.2781
2024,BDI,Burundi,Multilateral,current,USD million,30.2558
2024,BEN,Benin,Multilateral,current,USD million,722.5401
2024,BFA,Burkina Faso,Multilateral,current,USD million,515.6393
2024,BGD,Bangladesh,Multilateral,current,USD million,3539.4979
2024,BIH,Bosnia and Herzegovina,Multilateral,current,USD million,333.0614
2024,BLR,Belarus,Multilateral,current,USD million,178.588
2024,BLZ,Belize,Multilateral,current,USD million,51.9988
2024,BOL,Bolivia,Multilateral,current,USD million,1932.9178
2024,BRA,Brazil,Multilateral,current,USD million,1567.1147
2024,BTN,Bhutan,Multilateral,current,USD million,38.067
2024,BWA,Botswana,Multilateral,current,USD million,33.9682
2024,CAF,Central African Republic,Multilateral,current,USD million,8.9524
2024,CHN,China,Multilateral,current,USD million,2625.5419
2024,CIV,Cote d'Ivoire,Multilateral,current,USD million,1303.577
2024,CMR,Cameroon,Multilateral,current,USD million,918.0888
2024,COD,"Congo, Dem. Rep.",Multilateral,current,USD million,557.4263
2024,COG,"Congo, Rep.",Multilateral,current,USD million,189.9357
2024,COL,Colombia,Multilateral,current,USD million,485.0333
2024,COM,Comoros,Multilateral,current,USD million,23.8723
2024,CPV,Cabo Verde,Multilateral,current,USD million,25.1655
2024,CRI,Costa Rica,Multilateral,current,USD million,744.9114
2024,DJI,Djibouti,Multilateral,current,USD million,129.3954
2024,DMA,Dominica,Multilateral,current,USD million,30.6315
2024,DOM,Dominican Republic,Multilateral,current,USD million,638.0101
2024,ECU,Ecuador,Multilateral,current,USD million,635.7809
2024,EGY,"Egypt, Arab Rep.",Multilateral,current,USD million,2377.3607
2024,ERI,Eritrea,Multilateral,current,USD million,2.651
2024,ETH,Ethiopia,Multilateral,current,USD million,789.0618
2024,FJI,Fiji,Multilateral,current,USD million,56.6605
2024,GAB,Gabon,Multilateral,current,USD million,193.0337
2024,GEO,Georgia,Multilateral,current,USD million,790.1392
2024,GHA,Ghana,Multilateral,current,USD million,554.6401
2024,GIN,Guinea,Multilateral,current,USD million,340.6429
2024,GMB,"Gambia, The",Multilateral,current,USD million,55.1429
2024,GNB,Guinea-Bissau,Multilateral,current,USD million,66.5515
2024,GRD,Grenada,Multilateral,current,USD million,35.2471
2024,GTM,Guatemala,Multilateral,current,USD million,301.4044
2024,GUY,Guyana,Multilateral,current,USD million,71.1482
2024,HND,Honduras,Multilateral,current,USD million,445.122
2024,IDN,Indonesia,Multilateral,current,USD million,1916.5865
2024,IND,India,Multilateral,current,USD million,6862.522
2024,IRN,"Iran, Islamic Rep.",Multilateral,current,USD million,0.0722
2024,IRQ,Iraq,Multilateral,current,USD million,230.43
2024,JAM,Jamaica,Multilateral,current,USD million,62.9703
2024,JOR,Jordan,Multilateral,current,USD million,857.5171
2024,KAZ,Kazakhstan,Multilateral,current,USD million,407.7719
2024,KEN,Kenya,Multilateral,current,USD million,1106.5947
2024,KGZ,Kyrgyz Republic,Multilateral,current,USD million,333.405
2024,KHM,Cambodia,Multilateral,current,USD million,622.6933
2024,LAO,Lao PDR,Multilateral,current,USD million,139.5105
2024,LBN,Lebanon,Multilateral,current,USD million,540.0544
2024,LBR,Liberia,Multilateral,current,USD million,139.3653
2024,LCA,St. Lucia,Multilateral,current,USD million,43.0135
2024,LKA,Sri Lanka,Multilateral,current,USD million,660.4187
2024,LSO,Lesotho,Multilateral,current,USD million,122.6656
2024,MAR,Morocco,Multilateral,current,USD million,1808.2012
2024,MDA,Moldova,Multilateral,current,USD million,404.8851
2024,MDG,Madagascar,Multilateral,current,USD million,456.6404
2024,MDV,Maldives,Multilateral,current,USD million,173.0443
2024,MEX,Mexico,Multilateral,current,USD million,164.5775
2024,MKD,North Macedonia,Multilateral,current,USD million,304.3243
2024,MLI,Mali,Multilateral,current,USD million,418.7652
2024,MMR,Myanmar,Multilateral,current,USD million,830.9041
2024,MNE,Montenegro,Multilateral,current,USD million,76.3469
2024,MNG,Mongolia,Multilateral,current,USD million,334.4194
2024,MOZ,Mozambique,Multilateral,current,USD million,176.2283
2024,MRT,Mauritania,Multilateral,current,USD million,426.8076
2024,MUS,Mauritius,Multilateral,current,USD million,4.7622
2024,MWI,Malawi,Multilateral,current,USD million,231.3231
2024,NER,Niger,Multilateral,current,USD million,700.3582
2024,NGA,Nigeria,Multilateral,current,USD million,1797.994
2024,NIC,Nicaragua,Multilateral,current,USD million,951.733
2024,NPL,Nepal,Multilateral,current,USD million,929.0988
2024,PAK,Pakistan,Multilateral,current,USD million,3018.1581
2024,PER,Peru,Multilateral,current,USD million,691.5651
2024,PHL,Philippines,Multilateral,current,USD million,1590.0961
2024,PNG,Papua New Guinea,Multilateral,current,USD million,302.9551
2024,PRY,Paraguay,Multilateral,current,USD million,1288.6214
2024,RUS,Russian Federation,Multilateral,current,USD million,1.1527
2024,RWA,Rwanda,Multilateral,current,USD million,520.8557
2024,SDN,Sudan,Multilateral,current,USD million,300.8204
2024,SEN,Senegal,Multilateral,current,USD million,1843.8158
2024,SLB,Solomon Islands,Multilateral,current,USD million,40.6696
2024,SLE,Sierra Leone,Multilateral,current,USD million,56.3536
2024,SLV,El Salvador,Multilateral,current,USD million,770.1612
2024,SRB,Serbia,Multilateral,current,USD million,1052.8284
2024,STP,Sao Tome and Principe,Multilateral,current,USD million,6.4149
2024,SUR,Suriname,Multilateral,current,USD million,122.0983
2024,SWZ,Eswatini,Multilateral,current,USD million,64.2709
2024,SYR,Syrian Arab Republic,Multilateral,current,USD million,0.0004
2024,TCD,Chad,Multilateral,current,USD million,153.6023
2024,TGO,Togo,Multilateral,current,USD million,282.174
2024,TJK,Tajikistan,Multilateral,current,USD million,184.4268
2024,TKM,Turkmenistan,Multilateral,current,USD million,145.204
2024,TLS,Timor-Leste,Multilateral,current,USD million,159.8488
2024,TON,Tonga,Multilateral,current,USD million,1.3781
2024,TUN,Tunisia,Multilateral,current,USD million,1248.5204
2024,TUR,Turkiye,Multilateral,current,USD million,1806.6399
2024,TZA,Tanzania,Multilateral,current,USD million,1266.7764
2024,UGA,Uganda,Multilateral,current,USD million,626.1561
2024,UKR,Ukraine,Multilateral,current,USD million,1379.992
2024,UZB,Uzbekistan,Multilateral,current,USD million,1928.8313
2024,VCT,St. Vincent and the Grenadines,Multilateral,current,USD million,69.3205
2024,VNM,Viet Nam,Multilateral,current,USD million,1080.1915
2024,VUT,Vanuatu,Multilateral,current,USD million,14.3457
2024,WSM,Samoa,Multilateral,current,USD million,0.4971
2024,XKX,Kosovo,Multilateral,current,USD million,182.8913
2024,YEM,"Yemen, Rep.",Multilateral,current,USD million,245.6724
2024,ZAF,South Africa,Multilateral,current,USD million,128.6551
2024,ZMB,Zambia,Multilateral,current,USD million,437.6329
2024,ZWE,Zimbabwe,Multilateral,current,USD million,10.3056
2025,AFG,Afghanistan,Multilateral,current,USD million,15.274
2025,AGO,Angola,Multilateral,current,USD million,483.1753
2025,ALB,Albania,Multilateral,current,USD million,133.066
2025,ARG,Argentina,Multilateral,current,USD million,1665.1381
2025,ARM,Armenia,Multilateral,current,USD million,100.014
2025,AZE,Azerbaijan,Multilateral,current,USD million,34.5778
2025,BDI,Burundi,Multilateral,current,USD million,18.3256
2025,BEN,Benin,Multilateral,current,USD million,549.0281
2025,BFA,Burkina Faso,Multilateral,current,USD million,403.487
2025,BGD,Bangladesh,Multilateral,current,USD million,2378.5821
2025,BIH,Bosnia and Herzegovina,Multilateral,current,USD million,209.5251
2025,BLR,Belarus,Multilateral,current,USD million,103.0545
2025,BLZ,Belize,Multilateral,current,USD million,27.0854
2025,BOL,Bolivia,Multilateral,current,USD million,1163.4432
2025,BRA,Brazil,Multilateral,current,USD million,1158.1251
2025,BTN,Bhutan,Multilateral,current,USD million,24.0096
2025,BWA,Botswana,Multilateral,current,USD million,23.6547
2025,CAF,Central African Republic,Multilateral,current,USD million,6.1563
2025,CHN,China,Multilateral,current,USD million,2036.6461
2025,CIV,Cote d'Ivoire,Multilateral,current,USD million,886.0181
2025,CMR,Cameroon,Multilateral,current,USD million,729.7111
2025,COD,"Congo, Dem. Rep.",Multilateral,current,USD million,520.1685
2025,COG,"Congo, Rep.",Multilateral,current,USD million,129.3692
2025,COL,Colombia,Multilateral,current,USD million,331.6794
2025,COM,Comoros,Multilateral,current,USD million,21.6646
2025,CPV,Cabo Verde,Multilateral,current,USD million,22.3205
2025,CRI,Costa Rica,Multilateral,current,USD million,438.009
2025,DJI,Djibouti,Multilateral,current,USD million,92.8734
2025,DMA,Dominica,Multilateral,current,USD million,22.7128
2025,DOM,Dominican Republic,Multilateral,current,USD million,479.5363
2025,ECU,Ecuador,Multilateral,current,USD million,372.757
2025,EGY,"Egypt, Arab Rep.",Multilateral,current,USD million,1662.5025
2025,ERI,Eritrea,Multilateral,current,USD million,2.1179
2025,ETH,Ethiopia,Multilateral,current,USD million,656.2079
2025,FJI,Fiji,Multilateral,current,USD million,29.4633
2025,GAB,Gabon,Multilateral,current,USD million,138.4166
2025,GEO,Georgia,Multilateral,current,USD million,581.9189
2025,GHA,Ghana,Multilateral,current,USD million,438.762
2025,GIN,Guinea,Multilateral,current,USD million,225.4294
2025,GMB,"Gambia, The",Multilateral,current,USD million,35.4499
2025,GNB,Guinea-Bissau,Multilateral,current,USD million,44.484
2025,GRD,Grenada,Multilateral,current,USD million,27.7975
2025,GTM,Guatemala,Multilateral,current,USD million,185.1376
2025,GUY,Guyana,Multilateral,current,USD million,41.9555
2025,HND,Honduras,Multilateral,current,USD million,301.102
2025,IDN,Indonesia,Multilateral,current,USD million,1432.0511
2025,IND,India,Multilateral,current,USD million,4851.91
2025,IRQ,Iraq,Multilateral,current,USD million,178.2558
2025,JAM,Jamaica,Multilateral,current,USD million,40.518
2025,JOR,Jordan,Multilateral,current,USD million,616.5375
2025,KAZ,Kazakhstan,Multilateral,current,USD million,213.0921
2025,KEN,Kenya,Multilateral,current,USD million,852.1472
2025,KGZ,Kyrgyz Republic,Multilateral,current,USD million,235.6385
2025,KHM,Cambodia,Multilateral,current,USD million,471.7657
2025,LAO,Lao PDR,Multilateral,current,USD million,111.802
2025,LBN,Lebanon,Multilateral,current,USD million,337.26
2025,LBR,Liberia,Multilateral,current,USD million,108.5878
2025,LCA,St. Lucia,Multilateral,current,USD million,32.6783
2025,LKA,Sri Lanka,Multilateral,current,USD million,423.5038
2025,LSO,Lesotho,Multilateral,current,USD million,91.326
2025,MAR,Morocco,Multilateral,current,USD million,1152.5845
2025,MDA,Moldova,Multilateral,current,USD million,267.6859
2025,MDG,Madagascar,Multilateral,current,USD million,388.3906
2025,MDV,Maldives,Multilateral,current,USD million,95.8797
2025,MEX,Mexico,Multilateral,current,USD million,131.5012
2025,MKD,North Macedonia,Multilateral,current,USD million,187.9591
2025,MLI,Mali,Multilateral,current,USD million,309.981
2025,MMR,Myanmar,Multilateral,current,USD million,625.7312
2025,MNE,Montenegro,Multilateral,current,USD million,46.707
2025,MNG,Mongolia,Multilateral,current,USD million,222.6816
2025,MOZ,Mozambique,Multilateral,current,USD million,131.0452
2025,MRT,Mauritania,Multilateral,current,USD million,254.5345
2025,MUS,Mauritius,Multilateral,current,USD million,2.1827
2025,MWI,Malawi,Multilateral,current,USD million,199.3906
2025,NER,Niger,Multilateral,current,USD million,574.727
2025,NGA,Nigeria,Multilateral,current,USD million,1632.9791
2025,NIC,Nicaragua,Multilateral,current,USD million,497.4425
2025,NPL,Nepal,Multilateral,current,USD million,683.6024
2025,PAK,Pakistan,Multilateral,current,USD million,2438.1871
2025,PER,Peru,Multilateral,current,USD million,460.8907
2025,PHL,Philippines,Multilateral,current,USD million,1288.1571
2025,PNG,Papua New Guinea,Multilateral,current,USD million,233.5976
2025,PRY,Paraguay,Multilateral,current,USD million,921.3059
2025,RUS,Russian Federation,Multilateral,current,USD million,0.3243
2025,RWA,Rwanda,Multilateral,current,USD million,413.1724
2025,SDN,Sudan,Multilateral,current,USD million,171.269
2025,SEN,Senegal,Multilateral,current,USD million,1303.8256
2025,SLB,Solomon Islands,Multilateral,current,USD million,34.9594
2025,SLE,Sierra Leone,Multilateral,current,USD million,35.6475
2025,SLV,El Salvador,Multilateral,current,USD million,531.6594
2025,SRB,Serbia,Multilateral,current,USD million,645.4166
2025,STP,Sao Tome and Principe,Multilateral,current,USD million,4.436
2025,SUR,Suriname,Multilateral,current,USD million,82.6342
2025,SWZ,Eswatini,Multilateral,current,USD million,56.7156
2025,TCD,Chad,Multilateral,current,USD million,91.9457
2025,TGO,Togo,Multilateral,current,USD million,191.4198
2025,TJK,Tajikistan,Multilateral,current,USD million,105.5095
2025,TKM,Turkmenistan,Multilateral,current,USD million,68.354
2025,TLS,Timor-Leste,Multilateral,current,USD million,124.1175
2025,TON,Tonga,Multilateral,current,USD million,1.0441
2025,TUN,Tunisia,Multilateral,current,USD million,768.2873
2025,TUR,Turkiye,Multilateral,current,USD million,1379.489
2025,TZA,Tanzania,Multilateral,current,USD million,1087.4622
2025,UGA,Uganda,Multilateral,current,USD million,459.8934
2025,UKR,Ukraine,Multilateral,current,USD million,813.3404
2025,UZB,Uzbekistan,Multilateral,current,USD million,1402.6177
2025,VCT,St. Vincent and the Grenadines,Multilateral,current,USD million,43.9543
2025,VNM,Viet Nam,Multilateral,current,USD million,800.0687
2025,VUT,Vanuatu,Multilateral,current,USD million,13.4811
2025,WSM,Samoa,Multilateral,current,USD million,0.2485
2025,XKX,Kosovo,Multilateral,current,USD million,117.3077
2025,YEM,"Yemen, Rep.",Multilateral,current,USD million,154.1631
2025,ZAF,South Africa,Multilateral,current,USD million,89.9319
2025,ZMB,Zambia,Multilateral,current,USD million,331.608
2025,ZWE,Zimbabwe,Multilateral,current,USD million,7.1608
