year,recipient_code,recipient_name,recipient_iso_code,value
2015,55,TÃ¼rkiye,TUR,3358.675685
2015,57,Kosovo,XKX,410.325824
2015,63,Serbia,SRB,1842.936255
2015,64,Bosnia and Herzegovina,BIH,288.010694
2015,65,Montenegro,MNE,222.764527
2015,66,North Macedonia,MKD,197.811739
2015,71,Albania,ALB,360.878457
2015,85,Ukraine,UKR,2994.22509
2015,86,Belarus,BLR,89.306371
2015,88,States Ex-Yugoslavia unspecified,,9.004332
2015,89,"Europe, regional",,1139.7274400000001
2015,93,Moldova,MDA,357.535004
2015,130,Algeria,DZA,219.351546
2015,133,Libya,LBY,146.649985
2015,136,Morocco,MAR,1500.183215
2015,139,Tunisia,TUN,1337.593521
2015,142,Egypt,EGY,4260.425336
2015,189,"North of Sahara, regional",,365.481254
2015,218,South Africa,ZAF,1664.16668
2015,225,Angola,AGO,327.157189
2015,227,Botswana,BWA,65.12875
2015,228,Burundi,BDI,427.678496
2015,229,Cameroon,CMR,875.558508
2015,230,Cabo Verde,CPV,125.351588
2015,231,Central African Republic,CAF,593.861562
2015,232,Chad,TCD,695.816706
2015,233,Comoros,COM,80.630079
2015,234,Congo,COG,248.6454
2015,235,Democratic Republic of the Congo,COD,2814.773748
2015,236,Benin,BEN,581.066768
2015,238,Ethiopia,ETH,4925.057686
2015,239,Gabon,GAB,56.599645
2015,240,Gambia,GMB,159.942343
2015,241,Ghana,GHA,1663.962086
2015,243,Guinea,GIN,726.251266
2015,244,Guinea-Bissau,GNB,195.082768
2015,245,Equatorial Guinea,GNQ,11.015421
2015,247,Côte d'Ivoire,CIV,1473.461347
2015,248,Kenya,KEN,3936.34567
2015,249,Lesotho,LSO,75.25128600000001
2015,251,Liberia,LBR,1362.60753
2015,252,Madagascar,MDG,713.937083
2015,253,Malawi,MWI,1183.864907
2015,255,Mali,MLI,1401.426698
2015,256,Mauritania,MRT,386.912919
2015,257,Mauritius,MUS,63.465261
2015,259,Mozambique,MOZ,2575.105694
2015,260,Niger,NER,1267.692838
2015,261,Nigeria,NGA,3234.135293
2015,265,Zimbabwe,ZWE,797.769473
2015,266,Rwanda,RWA,1179.292285
2015,268,Sao Tome and Principe,STP,75.435352
2015,269,Senegal,SEN,1277.050157
2015,270,Seychelles,SYC,36.327709
2015,271,Eritrea,ERI,151.817441
2015,272,Sierra Leone,SLE,850.736794
2015,273,Somalia,SOM,910.730876
2015,274,Djibouti,DJI,180.281683
2015,275,Namibia,NAM,220.351007
2015,276,Saint Helena,SHN,99.811708
2015,278,Sudan,SDN,1173.027461
2015,279,South Sudan,SSD,1639.672812
2015,280,Eswatini,SWZ,190.106752
2015,282,Tanzania,TZA,3355.846641
2015,283,Togo,TGO,242.814207
2015,285,Uganda,UGA,2544.695093
2015,287,Burkina Faso,BFA,1242.351069
2015,288,Zambia,ZMB,1109.679866
2015,289,"South of Sahara, regional",,2885.032194
2015,298,"Africa, regional",,4280.720941
2015,336,Costa Rica,CRI,106.521593
2015,338,Cuba,CUB,253.961788
2015,340,Dominican Republic,DOM,211.040402
2015,342,El Salvador,SLV,419.716669
2015,347,Guatemala,GTM,250.268479
2015,349,Haiti,HTI,1140.882946
2015,351,Honduras,HND,713.367408
2015,352,Belize,BLZ,64.476429
2015,354,Jamaica,JAM,86.683748
2015,358,Mexico,MEX,739.64957
2015,364,Nicaragua,NIC,630.709715
2015,366,Panama,PAN,24.679416
2015,377,Antigua and Barbuda,ATG,13.480976
2015,378,Dominica,DMA,47.132806
2015,381,Grenada,GRD,36.192928
2015,383,Saint Lucia,LCA,24.145535
2015,384,Saint Vincent and the Grenadines,VCT,10.534298
2015,385,Montserrat,MSR,49.105823
2015,389,"Caribbean & Central America, regional",,750.467566
2015,425,Argentina,ARG,178.273301
2015,428,Bolivia,BOL,1059.202185
2015,431,Brazil,BRA,1185.598825
2015,434,Chile,CHL,133.91788
2015,437,Colombia,COL,1306.78596
2015,440,Ecuador,ECU,656.825211
2015,446,Guyana,GUY,44.472955
2015,451,Paraguay,PRY,118.483835
2015,454,Peru,PER,581.007473
2015,457,Suriname,SUR,27.728753
2015,460,Uruguay,URY,21.021745
2015,463,Venezuela,VEN,35.253365
2015,489,"South America, regional",,314.181498
2015,498,"America, regional",,1438.930585
2015,540,Iran,IRN,135.2814
2015,543,Iraq,IRQ,2140.891507
2015,549,Jordan,JOR,2858.33319
2015,550,West Bank and Gaza Strip,PSE,2315.576331
2015,555,Lebanon,LBN,1345.074256
2015,573,Syrian Arab Republic,SYR,2572.506341
2015,580,Yemen,YEM,2147.640129
2015,589,"Middle East, regional",,489.973866
2015,610,Armenia,ARM,436.405273
2015,611,Azerbaijan,AZE,58.007159
2015,612,Georgia,GEO,410.06825200000003
2015,613,Kazakhstan,KAZ,71.715507
2015,614,Kyrgyzstan,KGZ,523.208745
2015,615,Tajikistan,TJK,517.275896
2015,616,Turkmenistan,TKM,18.899932
2015,617,Uzbekistan,UZB,878.150028
2015,619,"Central Asia, regional",,212.422267
2015,625,Afghanistan,AFG,4532.34327
2015,630,Bhutan,BTN,192.680252
2015,635,Myanmar,MMR,3366.322541
2015,640,Sri Lanka,LKA,900.564536
2015,645,India,IND,5915.355326
2015,655,Maldives,MDV,233.32272
2015,660,Nepal,NPL,2067.098234
2015,665,Pakistan,PAK,4075.153506
2015,666,Bangladesh,BGD,4900.748538
2015,679,"South Asia, regional",,86.509416
2015,689,"South & Central Asia, regional",,92.733047
2015,728,Cambodia,KHM,1043.666318
2015,730,China (People's Republic of),CHN,1541.070853
2015,738,Indonesia,IDN,3140.820569
2015,740,Democratic People's Republic of Korea,PRK,84.181223
2015,745,Lao People's Democratic Republic,LAO,654.036972
2015,751,Malaysia,MYS,64.504143
2015,753,Mongolia,MNG,642.13287
2015,755,Philippines,PHL,3167.1378369999998
2015,764,Thailand,THA,553.456888
2015,765,Timor-Leste,TLS,179.560417
2015,769,Viet Nam,VNM,4457.732278
2015,789,"Far East Asia, regional",,224.97549
2015,798,"Asia, regional",,1329.855696
2015,831,Cook Islands,COK,33.445859
2015,832,Fiji,FJI,147.94094
2015,836,Kiribati,KIR,47.097947
2015,845,Nauru,NRU,36.869611
2015,854,Vanuatu,VUT,307.735798
2015,856,Niue,NIU,19.923499
2015,859,Marshall Islands,MHL,110.571607
2015,860,Micronesia,FSM,137.938296
2015,861,Palau,PLW,30.028744
2015,862,Papua New Guinea,PNG,838.811933
2015,866,Solomon Islands,SLB,202.264266
2015,868,Tokelau,TKL,10.505599
2015,870,Tonga,TON,89.755171
2015,872,Tuvalu,TUV,33.658836
2015,876,Wallis and Futuna,WLF,103.890854
2015,880,Samoa,WSM,163.202212
2015,889,"Oceania, regional",,209.887452
2015,1031,"Caribbean, regional",,144.079296
2015,9998,"Bilateral, unspecified",,40009.129986
2016,55,TÃ¼rkiye,TUR,5174.166454
2016,57,Kosovo,XKX,439.106261
2016,63,Serbia,SRB,1568.481774
2016,64,Bosnia and Herzegovina,BIH,265.462871
2016,65,Montenegro,MNE,88.151791
2016,66,North Macedonia,MKD,153.789529
2016,71,Albania,ALB,313.565828
2016,85,Ukraine,UKR,1714.455917
2016,86,Belarus,BLR,133.874483
2016,88,States Ex-Yugoslavia unspecified,,24.913911
2016,89,"Europe, regional",,1026.111733
2016,93,Moldova,MDA,439.280171
2016,130,Algeria,DZA,194.280897
2016,133,Libya,LBY,147.242311
2016,136,Morocco,MAR,2011.338468
2016,139,Tunisia,TUN,1346.116049
2016,142,Egypt,EGY,4296.682406
2016,189,"North of Sahara, regional",,169.058383
2016,218,South Africa,ZAF,1329.424622
2016,225,Angola,AGO,251.807836
2016,227,Botswana,BWA,94.673992
2016,228,Burundi,BDI,556.847414
2016,229,Cameroon,CMR,944.728217
2016,230,Cabo Verde,CPV,157.791614
2016,231,Central African Republic,CAF,386.778833
2016,232,Chad,TCD,1007.870377
2016,233,Comoros,COM,57.242681
2016,234,Congo,COG,244.990439
2016,235,Democratic Republic of the Congo,COD,1981.101039
2016,236,Benin,BEN,749.796034
2016,238,Ethiopia,ETH,4278.381051
2016,239,Gabon,GAB,415.195898
2016,240,Gambia,GMB,193.136014
2016,241,Ghana,GHA,1663.628053
2016,243,Guinea,GIN,503.395194
2016,244,Guinea-Bissau,GNB,122.177789
2016,245,Equatorial Guinea,GNQ,7.44183
2016,247,Côte d'Ivoire,CIV,1178.487234
2016,248,Kenya,KEN,2944.845405
2016,249,Lesotho,LSO,266.711871
2016,251,Liberia,LBR,702.703433
2016,252,Madagascar,MDG,1019.265746
2016,253,Malawi,MWI,1536.927106
2016,255,Mali,MLI,1265.182699
2016,256,Mauritania,MRT,492.541097
2016,257,Mauritius,MUS,73.077964
2016,259,Mozambique,MOZ,1399.721116
2016,260,Niger,NER,1383.331399
2016,261,Nigeria,NGA,2688.128516
2016,265,Zimbabwe,ZWE,615.150814
2016,266,Rwanda,RWA,1677.919517
2016,268,Sao Tome and Principe,STP,81.053676
2016,269,Senegal,SEN,1185.356305
2016,270,Seychelles,SYC,26.467197
2016,271,Eritrea,ERI,53.659467
2016,272,Sierra Leone,SLE,798.671196
2016,273,Somalia,SOM,1111.243216
2016,274,Djibouti,DJI,272.34447
2016,275,Namibia,NAM,185.303561
2016,276,Saint Helena,SHN,138.380235
2016,278,Sudan,SDN,1089.987551
2016,279,South Sudan,SSD,1835.907055
2016,280,Eswatini,SWZ,95.060869
2016,282,Tanzania,TZA,3110.551342
2016,283,Togo,TGO,368.716413
2016,285,Uganda,UGA,1992.222258
2016,287,Burkina Faso,BFA,1405.173552
2016,288,Zambia,ZMB,1049.154111
2016,289,"South of Sahara, regional",,3327.88782
2016,298,"Africa, regional",,3409.161581
2016,336,Costa Rica,CRI,63.612196
2016,338,Cuba,CUB,2365.787369
2016,340,Dominican Republic,DOM,151.745878
2016,342,El Salvador,SLV,278.462058
2016,347,Guatemala,GTM,425.082072
2016,349,Haiti,HTI,857.695459
2016,351,Honduras,HND,422.21647
2016,352,Belize,BLZ,23.922743
2016,354,Jamaica,JAM,74.153385
2016,358,Mexico,MEX,736.928892
2016,364,Nicaragua,NIC,531.841609
2016,366,Panama,PAN,282.158284
2016,377,Antigua and Barbuda,ATG,4.460084
2016,378,Dominica,DMA,15.510604
2016,381,Grenada,GRD,50.497076
2016,383,Saint Lucia,LCA,41.948904
2016,384,Saint Vincent and the Grenadines,VCT,84.135483
2016,385,Montserrat,MSR,35.657525
2016,389,"Caribbean & Central America, regional",,433.80939
2016,425,Argentina,ARG,168.784255
2016,428,Bolivia,BOL,870.982741
2016,431,Brazil,BRA,635.979214
2016,434,Chile,CHL,204.584337
2016,437,Colombia,COL,1005.52597
2016,440,Ecuador,ECU,258.702758
2016,446,Guyana,GUY,125.877574
2016,451,Paraguay,PRY,278.127983
2016,454,Peru,PER,673.567706
2016,457,Suriname,SUR,35.940271
2016,460,Uruguay,URY,21.490202
2016,463,Venezuela,VEN,39.181281
2016,489,"South America, regional",,376.094784
2016,498,"America, regional",,996.73654
2016,540,Iran,IRN,141.122252
2016,543,Iraq,IRQ,2401.745724
2016,549,Jordan,JOR,2789.405932
2016,550,West Bank and Gaza Strip,PSE,2044.181862
2016,555,Lebanon,LBN,1566.717836
2016,573,Syrian Arab Republic,SYR,3214.653455
2016,580,Yemen,YEM,814.432039
2016,589,"Middle East, regional",,687.879065
2016,610,Armenia,ARM,387.870425
2016,611,Azerbaijan,AZE,93.275771
2016,612,Georgia,GEO,513.96576
2016,613,Kazakhstan,KAZ,89.853055
2016,614,Kyrgyzstan,KGZ,537.773895
2016,615,Tajikistan,TJK,302.001856
2016,616,Turkmenistan,TKM,30.790216
2016,617,Uzbekistan,UZB,566.751539
2016,619,"Central Asia, regional",,136.050018
2016,625,Afghanistan,AFG,3658.87957
2016,630,Bhutan,BTN,150.7528
2016,635,Myanmar,MMR,1539.399515
2016,640,Sri Lanka,LKA,1824.874497
2016,645,India,IND,6331.244324
2016,655,Maldives,MDV,147.956967
2016,660,Nepal,NPL,1240.003467
2016,665,Pakistan,PAK,3280.444394
2016,666,Bangladesh,BGD,3942.632902
2016,679,"South Asia, regional",,90.00953
2016,689,"South & Central Asia, regional",,43.32034
2016,728,Cambodia,KHM,1158.532266
2016,730,China (People's Republic of),CHN,1961.366059
2016,738,Indonesia,IDN,1784.194423
2016,740,Democratic People's Republic of Korea,PRK,30.675206
2016,745,Lao People's Democratic Republic,LAO,738.258411
2016,751,Malaysia,MYS,64.461601
2016,753,Mongolia,MNG,372.37997
2016,755,Philippines,PHL,604.940471
2016,764,Thailand,THA,1558.783854
2016,765,Timor-Leste,TLS,331.24847
2016,769,Viet Nam,VNM,4980.50124
2016,789,"Far East Asia, regional",,255.804251
2016,798,"Asia, regional",,2326.171228
2016,831,Cook Islands,COK,23.158522
2016,832,Fiji,FJI,141.303416
2016,836,Kiribati,KIR,90.863075
2016,845,Nauru,NRU,22.923601
2016,854,Vanuatu,VUT,151.414425
2016,856,Niue,NIU,13.812157
2016,859,Marshall Islands,MHL,35.370722
2016,860,Micronesia,FSM,65.083467
2016,861,Palau,PLW,27.109146
2016,862,Papua New Guinea,PNG,515.514518
2016,866,Solomon Islands,SLB,187.872809
2016,868,Tokelau,TKL,11.711531
2016,870,Tonga,TON,53.04935
2016,872,Tuvalu,TUV,53.655473
2016,876,Wallis and Futuna,WLF,85.759885
2016,880,Samoa,WSM,149.273411
2016,889,"Oceania, regional",,272.675276
2016,1031,"Caribbean, regional",,281.917819
2016,9998,"Bilateral, unspecified",,42290.964695
2017,55,TÃ¼rkiye,TUR,4223.994074
2017,57,Kosovo,XKX,469.631334
2017,63,Serbia,SRB,942.209417
2017,64,Bosnia and Herzegovina,BIH,603.769662
2017,65,Montenegro,MNE,187.099388
2017,66,North Macedonia,MKD,194.078645
2017,71,Albania,ALB,299.510967
2017,85,Ukraine,UKR,1143.686876
2017,86,Belarus,BLR,103.960483
2017,88,States Ex-Yugoslavia unspecified,,29.211013
2017,89,"Europe, regional",,1311.204339
2017,93,Moldova,MDA,253.229266
2017,130,Algeria,DZA,225.736158
2017,133,Libya,LBY,498.004895
2017,136,Morocco,MAR,2416.520271
2017,139,Tunisia,TUN,2405.868651
2017,142,Egypt,EGY,2154.530191
2017,189,"North of Sahara, regional",,351.493551
2017,218,South Africa,ZAF,921.658932
2017,225,Angola,AGO,380.741312
2017,227,Botswana,BWA,70.541299
2017,228,Burundi,BDI,673.453317
2017,229,Cameroon,CMR,1331.470649
2017,230,Cabo Verde,CPV,118.553366
2017,231,Central African Republic,CAF,609.356055
2017,232,Chad,TCD,625.583975
2017,233,Comoros,COM,63.003044
2017,234,Congo,COG,270.760813
2017,235,Democratic Republic of the Congo,COD,2231.194878
2017,236,Benin,BEN,1075.392483
2017,238,Ethiopia,ETH,5399.888791
2017,239,Gabon,GAB,115.764383
2017,240,Gambia,GMB,326.444764
2017,241,Ghana,GHA,1366.688761
2017,243,Guinea,GIN,616.290458
2017,244,Guinea-Bissau,GNB,149.167741
2017,245,Equatorial Guinea,GNQ,6.496951
2017,247,Côte d'Ivoire,CIV,1702.96767
2017,248,Kenya,KEN,3520.898675
2017,249,Lesotho,LSO,173.048842
2017,251,Liberia,LBR,620.6335
2017,252,Madagascar,MDG,1467.226333
2017,253,Malawi,MWI,1396.675619
2017,255,Mali,MLI,1282.475905
2017,256,Mauritania,MRT,755.677285
2017,257,Mauritius,MUS,36.663114
2017,259,Mozambique,MOZ,2041.800617
2017,260,Niger,NER,1227.057915
2017,261,Nigeria,NGA,4083.279232
2017,265,Zimbabwe,ZWE,500.127014
2017,266,Rwanda,RWA,1177.552462
2017,268,Sao Tome and Principe,STP,25.905849
2017,269,Senegal,SEN,1488.263362
2017,270,Seychelles,SYC,13.747035
2017,271,Eritrea,ERI,187.814168
2017,272,Sierra Leone,SLE,546.845745
2017,273,Somalia,SOM,1882.695848
2017,274,Djibouti,DJI,286.713317
2017,275,Namibia,NAM,246.766136
2017,276,Saint Helena,SHN,13.737549
2017,278,Sudan,SDN,835.244341
2017,279,South Sudan,SSD,1601.381182
2017,280,Eswatini,SWZ,107.279738
2017,282,Tanzania,TZA,2848.031804
2017,283,Togo,TGO,462.952714
2017,285,Uganda,UGA,1809.295238
2017,287,Burkina Faso,BFA,1072.654591
2017,288,Zambia,ZMB,1103.552325
2017,289,"South of Sahara, regional",,4168.879133
2017,298,"Africa, regional",,2744.467234
2017,336,Costa Rica,CRI,268.583667
2017,338,Cuba,CUB,466.677097
2017,340,Dominican Republic,DOM,119.853807
2017,342,El Salvador,SLV,239.774883
2017,347,Guatemala,GTM,373.526769
2017,349,Haiti,HTI,1247.789643
2017,351,Honduras,HND,532.395201
2017,352,Belize,BLZ,81.097705
2017,354,Jamaica,JAM,112.980708
2017,358,Mexico,MEX,973.693472
2017,364,Nicaragua,NIC,821.757023
2017,366,Panama,PAN,61.236075
2017,377,Antigua and Barbuda,ATG,58.315156
2017,378,Dominica,DMA,31.332009
2017,381,Grenada,GRD,34.475264
2017,383,Saint Lucia,LCA,44.910771
2017,384,Saint Vincent and the Grenadines,VCT,38.731737
2017,385,Montserrat,MSR,11.64894
2017,389,"Caribbean & Central America, regional",,606.949348
2017,425,Argentina,ARG,129.010129
2017,428,Bolivia,BOL,1571.496359
2017,431,Brazil,BRA,1000.929022
2017,434,Chile,CHL,70.462281
2017,437,Colombia,COL,1508.954664
2017,440,Ecuador,ECU,547.832515
2017,446,Guyana,GUY,52.540281
2017,451,Paraguay,PRY,132.062475
2017,454,Peru,PER,517.574177
2017,457,Suriname,SUR,21.279545
2017,460,Uruguay,URY,16.652222
2017,463,Venezuela,VEN,96.461779
2017,489,"South America, regional",,375.084673
2017,498,"America, regional",,860.385912
2017,540,Iran,IRN,153.910175
2017,543,Iraq,IRQ,3217.071214
2017,549,Jordan,JOR,2638.821335
2017,550,West Bank and Gaza Strip,PSE,1947.187999
2017,555,Lebanon,LBN,1330.203752
2017,573,Syrian Arab Republic,SYR,3465.938932
2017,580,Yemen,YEM,2560.106293
2017,589,"Middle East, regional",,674.035018
2017,610,Armenia,ARM,320.558053
2017,611,Azerbaijan,AZE,178.858884
2017,612,Georgia,GEO,653.338506
2017,613,Kazakhstan,KAZ,91.633089
2017,614,Kyrgyzstan,KGZ,425.94122
2017,615,Tajikistan,TJK,596.040606
2017,616,Turkmenistan,TKM,17.724733
2017,617,Uzbekistan,UZB,727.982011
2017,619,"Central Asia, regional",,211.812817
2017,625,Afghanistan,AFG,3951.411365
2017,630,Bhutan,BTN,75.015515
2017,635,Myanmar,MMR,2683.715648
2017,640,Sri Lanka,LKA,1275.076138
2017,645,India,IND,6646.496068
2017,655,Maldives,MDV,119.822102
2017,660,Nepal,NPL,1981.851611
2017,665,Pakistan,PAK,3500.062222
2017,666,Bangladesh,BGD,5802.762553
2017,679,"South Asia, regional",,173.786103
2017,689,"South & Central Asia, regional",,182.776975
2017,728,Cambodia,KHM,1179.985609
2017,730,China (People's Republic of),CHN,1392.762322
2017,738,Indonesia,IDN,3625.134396
2017,740,Democratic People's Republic of Korea,PRK,45.986309
2017,745,Lao People's Democratic Republic,LAO,531.066639
2017,751,Malaysia,MYS,64.359616
2017,753,Mongolia,MNG,700.490757
2017,755,Philippines,PHL,1014.148583
2017,764,Thailand,THA,177.702976
2017,765,Timor-Leste,TLS,177.001946
2017,769,Viet Nam,VNM,3412.920115
2017,789,"Far East Asia, regional",,239.593025
2017,798,"Asia, regional",,1114.496272
2017,831,Cook Islands,COK,15.434867
2017,832,Fiji,FJI,95.714062
2017,836,Kiribati,KIR,87.94599
2017,845,Nauru,NRU,52.923004
2017,854,Vanuatu,VUT,121.665368
2017,856,Niue,NIU,28.87078
2017,859,Marshall Islands,MHL,193.816504
2017,860,Micronesia,FSM,171.825378
2017,861,Palau,PLW,13.998196
2017,862,Papua New Guinea,PNG,665.638328
2017,866,Solomon Islands,SLB,252.795875
2017,868,Tokelau,TKL,25.416827
2017,870,Tonga,TON,81.680609
2017,872,Tuvalu,TUV,45.948311
2017,876,Wallis and Futuna,WLF,87.912855
2017,880,Samoa,WSM,87.994657
2017,889,"Oceania, regional",,470.548563
2017,1031,"Caribbean, regional",,215.621484
2017,9998,"Bilateral, unspecified",,40715.008548
2018,55,TÃ¼rkiye,TUR,3032.939809
2018,57,Kosovo,XKX,391.135779
2018,63,Serbia,SRB,923.753442
2018,64,Bosnia and Herzegovina,BIH,457.393239
2018,65,Montenegro,MNE,199.598135
2018,66,North Macedonia,MKD,271.355507
2018,71,Albania,ALB,418.310583
2018,85,Ukraine,UKR,1114.57859
2018,86,Belarus,BLR,99.031822
2018,88,States Ex-Yugoslavia unspecified,,3.717979
2018,89,"Europe, regional",,1504.864831
2018,93,Moldova,MDA,406.122427
2018,130,Algeria,DZA,251.343464
2018,133,Libya,LBY,378.704461
2018,136,Morocco,MAR,1811.432945
2018,139,Tunisia,TUN,1946.194961
2018,142,Egypt,EGY,1844.421982
2018,189,"North of Sahara, regional",,428.174769
2018,218,South Africa,ZAF,1509.496396
2018,225,Angola,AGO,263.773417
2018,227,Botswana,BWA,68.811156
2018,228,Burundi,BDI,398.421841
2018,229,Cameroon,CMR,1185.208413
2018,230,Cabo Verde,CPV,137.167631
2018,231,Central African Republic,CAF,765.790886
2018,232,Chad,TCD,991.925182
2018,233,Comoros,COM,112.063061
2018,234,Congo,COG,131.08542
2018,235,Democratic Republic of the Congo,COD,2076.323594
2018,236,Benin,BEN,893.208587
2018,238,Ethiopia,ETH,5209.528708
2018,239,Gabon,GAB,122.889162
2018,240,Gambia,GMB,324.571704
2018,241,Ghana,GHA,1096.37969
2018,243,Guinea,GIN,769.088744
2018,244,Guinea-Bissau,GNB,249.549652
2018,245,Equatorial Guinea,GNQ,14.549891
2018,247,Côte d'Ivoire,CIV,1580.176009
2018,248,Kenya,KEN,2392.81262
2018,249,Lesotho,LSO,179.042653
2018,251,Liberia,LBR,406.538775
2018,252,Madagascar,MDG,864.821465
2018,253,Malawi,MWI,735.036965
2018,255,Mali,MLI,1799.165959
2018,256,Mauritania,MRT,303.673352
2018,257,Mauritius,MUS,290.025428
2018,259,Mozambique,MOZ,1689.159913
2018,260,Niger,NER,1939.766638
2018,261,Nigeria,NGA,5215.954593
2018,265,Zimbabwe,ZWE,928.160951
2018,266,Rwanda,RWA,1046.262341
2018,268,Sao Tome and Principe,STP,70.680925
2018,269,Senegal,SEN,1766.769141
2018,271,Eritrea,ERI,142.444079
2018,272,Sierra Leone,SLE,279.769316
2018,273,Somalia,SOM,1277.503518
2018,274,Djibouti,DJI,367.049025
2018,275,Namibia,NAM,126.099785
2018,276,Saint Helena,SHN,52.398491
2018,278,Sudan,SDN,734.304577
2018,279,South Sudan,SSD,1097.489924
2018,280,Eswatini,SWZ,102.173913
2018,282,Tanzania,TZA,2140.644678
2018,283,Togo,TGO,361.846685
2018,285,Uganda,UGA,2356.590334
2018,287,Burkina Faso,BFA,1604.935327
2018,288,Zambia,ZMB,785.758408
2018,289,"South of Sahara, regional",,3418.884967
2018,298,"Africa, regional",,3524.44094
2018,336,Costa Rica,CRI,156.395692
2018,338,Cuba,CUB,326.895921
2018,340,Dominican Republic,DOM,290.727325
2018,342,El Salvador,SLV,266.266424
2018,347,Guatemala,GTM,468.288464
2018,349,Haiti,HTI,1135.329594
2018,351,Honduras,HND,910.456481
2018,352,Belize,BLZ,91.677183
2018,354,Jamaica,JAM,95.982243
2018,358,Mexico,MEX,715.504018
2018,364,Nicaragua,NIC,441.264023
2018,366,Panama,PAN,46.241512
2018,377,Antigua and Barbuda,ATG,12.141461
2018,378,Dominica,DMA,134.156521
2018,381,Grenada,GRD,76.291172
2018,383,Saint Lucia,LCA,27.723471
2018,384,Saint Vincent and the Grenadines,VCT,13.552984
2018,385,Montserrat,MSR,25.46912
2018,389,"Caribbean & Central America, regional",,488.405893
2018,425,Argentina,ARG,212.916724
2018,428,Bolivia,BOL,969.710357
2018,431,Brazil,BRA,825.063624
2018,437,Colombia,COL,1473.835219
2018,440,Ecuador,ECU,480.849696
2018,446,Guyana,GUY,116.760909
2018,451,Paraguay,PRY,133.974947
2018,454,Peru,PER,479.145421
2018,457,Suriname,SUR,25.231793
2018,463,Venezuela,VEN,207.345192
2018,489,"South America, regional",,392.530233
2018,498,"America, regional",,854.444556
2018,540,Iran,IRN,191.445732
2018,543,Iraq,IRQ,2519.436451
2018,549,Jordan,JOR,3110.444932
2018,550,West Bank and Gaza Strip,PSE,1644.291927
2018,555,Lebanon,LBN,1624.222378
2018,573,Syrian Arab Republic,SYR,11385.997187
2018,580,Yemen,YEM,2561.937204
2018,589,"Middle East, regional",,634.65831
2018,610,Armenia,ARM,167.323285
2018,611,Azerbaijan,AZE,70.047417
2018,612,Georgia,GEO,801.191805
2018,613,Kazakhstan,KAZ,127.462582
2018,614,Kyrgyzstan,KGZ,679.522779
2018,615,Tajikistan,TJK,416.244393
2018,616,Turkmenistan,TKM,13.351595
2018,617,Uzbekistan,UZB,1497.768406
2018,619,"Central Asia, regional",,239.418299
2018,625,Afghanistan,AFG,4580.930945
2018,630,Bhutan,BTN,154.770711
2018,635,Myanmar,MMR,3257.393092
2018,640,Sri Lanka,LKA,650.230084
2018,645,India,IND,7874.202242
2018,655,Maldives,MDV,126.497463
2018,660,Nepal,NPL,1606.11168
2018,665,Pakistan,PAK,2584.954743
2018,666,Bangladesh,BGD,7848.672218
2018,679,"South Asia, regional",,172.766501
2018,689,"South & Central Asia, regional",,214.962921
2018,728,Cambodia,KHM,1705.042839
2018,730,China (People's Republic of),CHN,1219.487264
2018,738,Indonesia,IDN,3027.420134
2018,740,Democratic People's Republic of Korea,PRK,39.840344
2018,745,Lao People's Democratic Republic,LAO,641.073755
2018,751,Malaysia,MYS,56.256155
2018,753,Mongolia,MNG,543.310809
2018,755,Philippines,PHL,2053.440393
2018,764,Thailand,THA,152.482362
2018,765,Timor-Leste,TLS,174.742926
2018,769,Viet Nam,VNM,1137.220462
2018,789,"Far East Asia, regional",,175.461022
2018,798,"Asia, regional",,1314.391877
2018,831,Cook Islands,COK,18.699931
2018,832,Fiji,FJI,100.507903
2018,836,Kiribati,KIR,89.050162
2018,845,Nauru,NRU,69.401296
2018,854,Vanuatu,VUT,112.915304
2018,856,Niue,NIU,8.917712
2018,859,Marshall Islands,MHL,134.517728
2018,860,Micronesia,FSM,164.852378
2018,861,Palau,PLW,82.677975
2018,862,Papua New Guinea,PNG,758.989251
2018,866,Solomon Islands,SLB,209.361588
2018,868,Tokelau,TKL,29.096467
2018,870,Tonga,TON,188.655706
2018,872,Tuvalu,TUV,60.158871
2018,876,Wallis and Futuna,WLF,52.759957
2018,880,Samoa,WSM,109.139736
2018,889,"Oceania, regional",,343.958693
2018,1031,"Caribbean, regional",,371.13233
2018,9998,"Bilateral, unspecified",,39256.550364
2019,55,TÃ¼rkiye,TUR,3321.765995
2019,57,Kosovo,XKX,450.044021
2019,63,Serbia,SRB,791.834225
2019,64,Bosnia and Herzegovina,BIH,713.235644
2019,65,Montenegro,MNE,159.129918
2019,66,North Macedonia,MKD,427.827758
2019,71,Albania,ALB,385.778164
2019,85,Ukraine,UKR,1339.065292
2019,86,Belarus,BLR,212.462295
2019,88,States Ex-Yugoslavia unspecified,,11.658708
2019,89,"Europe, regional",,1714.410883
2019,93,Moldova,MDA,311.245977
2019,130,Algeria,DZA,243.858897
2019,133,Libya,LBY,272.049342
2019,136,Morocco,MAR,2179.821906
2019,139,Tunisia,TUN,1614.669288
2019,142,Egypt,EGY,1889.327156
2019,189,"North of Sahara, regional",,164.214884
2019,218,South Africa,ZAF,1065.443789
2019,225,Angola,AGO,157.289231
2019,227,Botswana,BWA,108.544063
2019,228,Burundi,BDI,452.655367
2019,229,Cameroon,CMR,1086.912678
2019,230,Cabo Verde,CPV,157.165327
2019,231,Central African Republic,CAF,736.47709
2019,232,Chad,TCD,775.170726
2019,233,Comoros,COM,265.247053
2019,234,Congo,COG,221.321076
2019,235,Democratic Republic of the Congo,COD,3165.305946
2019,236,Benin,BEN,1133.547033
2019,238,Ethiopia,ETH,4258.914131
2019,239,Gabon,GAB,154.322497
2019,240,Gambia,GMB,276.296996
2019,241,Ghana,GHA,1598.527073
2019,243,Guinea,GIN,667.916315
2019,244,Guinea-Bissau,GNB,96.660555
2019,245,Equatorial Guinea,GNQ,83.801865
2019,247,Côte d'Ivoire,CIV,2725.062373
2019,248,Kenya,KEN,2804.865163
2019,249,Lesotho,LSO,310.212968
2019,251,Liberia,LBR,549.499875
2019,252,Madagascar,MDG,1194.722057
2019,253,Malawi,MWI,1473.913556
2019,255,Mali,MLI,2017.412992
2019,256,Mauritania,MRT,323.51917
2019,257,Mauritius,MUS,55.93842
2019,259,Mozambique,MOZ,2945.042095
2019,260,Niger,NER,1640.955007
2019,261,Nigeria,NGA,2541.077876
2019,265,Zimbabwe,ZWE,847.342115
2019,266,Rwanda,RWA,1370.896109
2019,268,Sao Tome and Principe,STP,63.732063
2019,269,Senegal,SEN,1379.134248
2019,271,Eritrea,ERI,272.642782
2019,272,Sierra Leone,SLE,663.930127
2019,273,Somalia,SOM,1768.0818
2019,274,Djibouti,DJI,252.034354
2019,275,Namibia,NAM,181.128304
2019,276,Saint Helena,SHN,53.925456
2019,278,Sudan,SDN,2514.7655
2019,279,South Sudan,SSD,1825.882537
2019,280,Eswatini,SWZ,78.305465
2019,282,Tanzania,TZA,1954.044436
2019,283,Togo,TGO,381.055795
2019,285,Uganda,UGA,2363.859252
2019,287,Burkina Faso,BFA,1416.009152
2019,288,Zambia,ZMB,829.031681
2019,289,"South of Sahara, regional",,3237.81036
2019,298,"Africa, regional",,3908.793607
2019,336,Costa Rica,CRI,64.928074
2019,338,Cuba,CUB,212.258262
2019,340,Dominican Republic,DOM,284.066697
2019,342,El Salvador,SLV,323.550265
2019,347,Guatemala,GTM,389.672906
2019,349,Haiti,HTI,717.940254
2019,351,Honduras,HND,591.779741
2019,352,Belize,BLZ,30.567987
2019,354,Jamaica,JAM,98.947484
2019,358,Mexico,MEX,722.314542
2019,364,Nicaragua,NIC,119.772902
2019,366,Panama,PAN,74.375253
2019,377,Antigua and Barbuda,ATG,6.595357
2019,378,Dominica,DMA,72.159638
2019,381,Grenada,GRD,60.44282
2019,383,Saint Lucia,LCA,24.885476
2019,384,Saint Vincent and the Grenadines,VCT,36.958576
2019,385,Montserrat,MSR,27.123234
2019,389,"Caribbean & Central America, regional",,441.424326
2019,425,Argentina,ARG,450.382304
2019,428,Bolivia,BOL,523.656828
2019,431,Brazil,BRA,634.514665
2019,437,Colombia,COL,1517.67906
2019,440,Ecuador,ECU,678.825451
2019,446,Guyana,GUY,48.016733
2019,451,Paraguay,PRY,320.460784
2019,454,Peru,PER,626.689868
2019,457,Suriname,SUR,56.66129
2019,463,Venezuela,VEN,226.214711
2019,489,"South America, regional",,214.30571
2019,498,"America, regional",,1265.490704
2019,540,Iran,IRN,194.340741
2019,543,Iraq,IRQ,2922.337144
2019,549,Jordan,JOR,2777.51741
2019,550,West Bank and Gaza Strip,PSE,1821.814412
2019,555,Lebanon,LBN,1617.904625
2019,573,Syrian Arab Republic,SYR,12519.244856
2019,580,Yemen,YEM,4380.178351
2019,589,"Middle East, regional",,1256.920348
2019,610,Armenia,ARM,620.419863
2019,611,Azerbaijan,AZE,264.083617
2019,612,Georgia,GEO,749.462847
2019,613,Kazakhstan,KAZ,119.41003
2019,614,Kyrgyzstan,KGZ,636.296794
2019,615,Tajikistan,TJK,683.076342
2019,616,Turkmenistan,TKM,31.689263
2019,617,Uzbekistan,UZB,2833.319182
2019,619,"Central Asia, regional",,353.875498
2019,625,Afghanistan,AFG,3739.128936
2019,630,Bhutan,BTN,141.245174
2019,635,Myanmar,MMR,1710.207765
2019,640,Sri Lanka,LKA,988.459481
2019,645,India,IND,3604.498664
2019,655,Maldives,MDV,185.061984
2019,660,Nepal,NPL,1340.090511
2019,665,Pakistan,PAK,3721.499616
2019,666,Bangladesh,BGD,4889.136308
2019,679,"South Asia, regional",,229.855788
2019,689,"South & Central Asia, regional",,102.318083
2019,728,Cambodia,KHM,1240.975508
2019,730,China (People's Republic of),CHN,1638.58065
2019,738,Indonesia,IDN,2040.812696
2019,740,Democratic People's Republic of Korea,PRK,44.288814
2019,745,Lao People's Democratic Republic,LAO,806.096647
2019,751,Malaysia,MYS,98.378547
2019,753,Mongolia,MNG,878.879962
2019,755,Philippines,PHL,2701.468318
2019,764,Thailand,THA,195.645962
2019,765,Timor-Leste,TLS,259.275346
2019,769,Viet Nam,VNM,1588.008798
2019,789,"Far East Asia, regional",,297.99987
2019,798,"Asia, regional",,1390.969176
2019,831,Cook Islands,COK,24.045962
2019,832,Fiji,FJI,153.331133
2019,836,Kiribati,KIR,105.901405
2019,845,Nauru,NRU,44.552947
2019,854,Vanuatu,VUT,123.857605
2019,856,Niue,NIU,18.449093
2019,859,Marshall Islands,MHL,166.894705
2019,860,Micronesia,FSM,208.324349
2019,861,Palau,PLW,52.123041
2019,862,Papua New Guinea,PNG,506.487645
2019,866,Solomon Islands,SLB,359.318854
2019,868,Tokelau,TKL,14.201197
2019,870,Tonga,TON,109.221133
2019,872,Tuvalu,TUV,75.734642
2019,876,Wallis and Futuna,WLF,109.079379
2019,880,Samoa,WSM,181.425015
2019,889,"Oceania, regional",,477.673633
2019,1027,"Eastern Africa, regional",,105.39702
2019,1028,"Middle Africa, regional",,18.768185
2019,1029,"Southern Africa, regional",,7.003275
2019,1030,"Western Africa, regional",,349.057264
2019,1031,"Caribbean, regional",,132.176706
2019,1032,"Central America, regional",,16.309451
2019,1033,"Melanesia, regional",,11.404701
2019,9998,"Bilateral, unspecified",,38950.047409
2020,55,TÃ¼rkiye,TUR,2257.742692
2020,57,Kosovo,XKX,519.242096
2020,63,Serbia,SRB,721.736663
2020,64,Bosnia and Herzegovina,BIH,475.945903
2020,65,Montenegro,MNE,269.890555
2020,66,North Macedonia,MKD,296.476672
2020,71,Albania,ALB,668.742222
2020,85,Ukraine,UKR,3134.898586
2020,86,Belarus,BLR,334.914206
2020,88,States Ex-Yugoslavia unspecified,,27.87687
2020,89,"Europe, regional",,1724.294319
2020,93,Moldova,MDA,574.336916
2020,130,Algeria,DZA,237.737011
2020,133,Libya,LBY,269.62134
2020,136,Morocco,MAR,3144.762852
2020,139,Tunisia,TUN,1882.27032
2020,142,Egypt,EGY,2379.527243
2020,189,"North of Sahara, regional",,301.069928
2020,218,South Africa,ZAF,1345.831447
2020,225,Angola,AGO,408.839918
2020,227,Botswana,BWA,85.020018
2020,228,Burundi,BDI,567.518192
2020,229,Cameroon,CMR,1846.110612
2020,230,Cabo Verde,CPV,136.699282
2020,231,Central African Republic,CAF,697.916283
2020,232,Chad,TCD,1040.38622
2020,233,Comoros,COM,221.213192
2020,234,Congo,COG,162.897159
2020,235,Democratic Republic of the Congo,COD,3998.588973
2020,236,Benin,BEN,989.581269
2020,238,Ethiopia,ETH,5307.195419
2020,239,Gabon,GAB,86.770008
2020,240,Gambia,GMB,292.361858
2020,241,Ghana,GHA,2904.917241
2020,243,Guinea,GIN,1105.980066
2020,244,Guinea-Bissau,GNB,96.569491
2020,245,Equatorial Guinea,GNQ,26.566975
2020,247,Côte d'Ivoire,CIV,1587.196448
2020,248,Kenya,KEN,4937.20424
2020,249,Lesotho,LSO,280.66735
2020,251,Liberia,LBR,459.173956
2020,252,Madagascar,MDG,1325.865561
2020,253,Malawi,MWI,1633.474338
2020,255,Mali,MLI,1642.168765
2020,256,Mauritania,MRT,1027.72623
2020,257,Mauritius,MUS,379.679701
2020,259,Mozambique,MOZ,2467.544413
2020,260,Niger,NER,2218.901917
2020,261,Nigeria,NGA,6661.419773
2020,265,Zimbabwe,ZWE,808.395875
2020,266,Rwanda,RWA,1595.583252
2020,268,Sao Tome and Principe,STP,122.508879
2020,269,Senegal,SEN,1392.609019
2020,271,Eritrea,ERI,88.474254
2020,272,Sierra Leone,SLE,676.468706
2020,273,Somalia,SOM,3154.766994
2020,274,Djibouti,DJI,413.668086
2020,275,Namibia,NAM,186.211359
2020,276,Saint Helena,SHN,31.744649
2020,278,Sudan,SDN,1475.168352
2020,279,South Sudan,SSD,1653.180699
2020,280,Eswatini,SWZ,128.361104
2020,282,Tanzania,TZA,2536.236761
2020,283,Togo,TGO,629.758364
2020,285,Uganda,UGA,3127.365776
2020,287,Burkina Faso,BFA,2093.838598
2020,288,Zambia,ZMB,1059.896753
2020,289,"South of Sahara, regional",,2572.817715
2020,298,"Africa, regional",,3920.204343
2020,336,Costa Rica,CRI,830.288905
2020,338,Cuba,CUB,134.960649
2020,340,Dominican Republic,DOM,609.397334
2020,342,El Salvador,SLV,234.665199
2020,347,Guatemala,GTM,665.705934
2020,349,Haiti,HTI,1011.854901
2020,351,Honduras,HND,1725.169842
2020,352,Belize,BLZ,59.901365
2020,354,Jamaica,JAM,91.230322
2020,358,Mexico,MEX,980.260257
2020,364,Nicaragua,NIC,942.778174
2020,366,Panama,PAN,202.327334
2020,377,Antigua and Barbuda,ATG,45.427725
2020,378,Dominica,DMA,99.707809
2020,381,Grenada,GRD,109.619623
2020,383,Saint Lucia,LCA,150.183665
2020,384,Saint Vincent and the Grenadines,VCT,112.82365
2020,385,Montserrat,MSR,39.385665
2020,389,"Caribbean & Central America, regional",,217.109943
2020,425,Argentina,ARG,196.934072
2020,428,Bolivia,BOL,386.539318
2020,431,Brazil,BRA,1822.671896
2020,437,Colombia,COL,2065.610919
2020,440,Ecuador,ECU,314.573199
2020,446,Guyana,GUY,218.860608
2020,451,Paraguay,PRY,356.157391
2020,454,Peru,PER,756.126464
2020,457,Suriname,SUR,25.760264
2020,463,Venezuela,VEN,317.380674
2020,489,"South America, regional",,619.58211
2020,498,"America, regional",,1384.984241
2020,540,Iran,IRN,175.010985
2020,543,Iraq,IRQ,2006.877326
2020,549,Jordan,JOR,3482.698997
2020,550,West Bank and Gaza Strip,PSE,1670.91003
2020,555,Lebanon,LBN,1558.832821
2020,573,Syrian Arab Republic,SYR,13001.904891
2020,580,Yemen,YEM,2620.145388
2020,589,"Middle East, regional",,912.965199
2020,610,Armenia,ARM,256.644295
2020,611,Azerbaijan,AZE,95.972275
2020,612,Georgia,GEO,1126.879084
2020,613,Kazakhstan,KAZ,105.152133
2020,614,Kyrgyzstan,KGZ,708.250571
2020,615,Tajikistan,TJK,1168.260016
2020,616,Turkmenistan,TKM,24.989494
2020,617,Uzbekistan,UZB,1296.268238
2020,619,"Central Asia, regional",,221.323196
2020,625,Afghanistan,AFG,3774.847055
2020,630,Bhutan,BTN,200.288687
2020,635,Myanmar,MMR,4774.570911
2020,640,Sri Lanka,LKA,410.736138
2020,645,India,IND,7171.248679
2020,655,Maldives,MDV,388.402648
2020,660,Nepal,NPL,2646.759676
2020,665,Pakistan,PAK,3766.992502
2020,666,Bangladesh,BGD,6548.843905
2020,679,"South Asia, regional",,256.547975
2020,689,"South & Central Asia, regional",,65.440231
2020,728,Cambodia,KHM,1927.759919
2020,730,China (People's Republic of),CHN,1600.379394
2020,738,Indonesia,IDN,3332.294915
2020,740,Democratic People's Republic of Korea,PRK,53.131955
2020,745,Lao People's Democratic Republic,LAO,595.392432
2020,751,Malaysia,MYS,77.108513
2020,753,Mongolia,MNG,734.796817
2020,755,Philippines,PHL,3136.788022
2020,764,Thailand,THA,304.366336
2020,765,Timor-Leste,TLS,241.532943
2020,769,Viet Nam,VNM,1590.97583
2020,789,"Far East Asia, regional",,296.321794
2020,798,"Asia, regional",,1744.747964
2020,832,Fiji,FJI,194.526611
2020,836,Kiribati,KIR,163.277526
2020,845,Nauru,NRU,38.329247
2020,854,Vanuatu,VUT,213.111416
2020,856,Niue,NIU,37.797449
2020,859,Marshall Islands,MHL,162.551962
2020,860,Micronesia,FSM,214.687335
2020,861,Palau,PLW,48.344921
2020,862,Papua New Guinea,PNG,1174.295458
2020,866,Solomon Islands,SLB,189.83842
2020,868,Tokelau,TKL,17.476711
2020,870,Tonga,TON,104.499469
2020,872,Tuvalu,TUV,46.655203
2020,876,Wallis and Futuna,WLF,98.691557
2020,880,Samoa,WSM,169.483153
2020,889,"Oceania, regional",,586.945098
2020,1027,"Eastern Africa, regional",,798.425628
2020,1028,"Middle Africa, regional",,44.323378
2020,1029,"Southern Africa, regional",,76.427536
2020,1030,"Western Africa, regional",,900.002553
2020,1031,"Caribbean, regional",,136.665677
2020,1032,"Central America, regional",,78.76328
2020,1033,"Melanesia, regional",,4.896591
2020,1034,"Micronesia, regional",,4.025488
2020,9998,"Bilateral, unspecified",,40489.772614
2021,55,TÃ¼rkiye,TUR,2650.229409
2021,57,Kosovo,XKX,442.989704
2021,63,Serbia,SRB,792.978541
2021,64,Bosnia and Herzegovina,BIH,635.533711
2021,65,Montenegro,MNE,147.56654
2021,66,North Macedonia,MKD,387.566109
2021,71,Albania,ALB,688.354884
2021,85,Ukraine,UKR,2062.05931
2021,86,Belarus,BLR,195.422872
2021,88,States Ex-Yugoslavia unspecified,,8.257443
2021,89,"Europe, regional",,1923.026653
2021,93,Moldova,MDA,397.736262
2021,130,Algeria,DZA,207.568179
2021,133,Libya,LBY,345.663939
2021,136,Morocco,MAR,1431.57829
2021,139,Tunisia,TUN,1278.439666
2021,142,Egypt,EGY,7470.810029
2021,189,"North of Sahara, regional",,538.56918
2021,218,South Africa,ZAF,1322.596344
2021,225,Angola,AGO,349.976485
2021,227,Botswana,BWA,197.110082
2021,228,Burundi,BDI,813.242288
2021,229,Cameroon,CMR,1066.140893
2021,230,Cabo Verde,CPV,160.928251
2021,231,Central African Republic,CAF,633.854106
2021,232,Chad,TCD,854.937964
2021,233,Comoros,COM,112.746734
2021,234,Congo,COG,240.200636
2021,235,Democratic Republic of the Congo,COD,4306.134089
2021,236,Benin,BEN,837.230896
2021,238,Ethiopia,ETH,4323.970059
2021,239,Gabon,GAB,41.077326
2021,240,Gambia,GMB,336.18018
2021,241,Ghana,GHA,1478.848002
2021,243,Guinea,GIN,399.285064
2021,244,Guinea-Bissau,GNB,145.874318
2021,245,Equatorial Guinea,GNQ,12.504097
2021,247,Côte d'Ivoire,CIV,1739.341898
2021,248,Kenya,KEN,3162.109
2021,249,Lesotho,LSO,190.156301
2021,251,Liberia,LBR,427.006147
2021,252,Madagascar,MDG,1422.259237
2021,253,Malawi,MWI,1207.048532
2021,255,Mali,MLI,1778.075221
2021,256,Mauritania,MRT,535.876833
2021,257,Mauritius,MUS,276.694053
2021,259,Mozambique,MOZ,3478.272488
2021,260,Niger,NER,2680.667464
2021,261,Nigeria,NGA,4429.745065
2021,265,Zimbabwe,ZWE,804.055589
2021,266,Rwanda,RWA,1334.565643
2021,268,Sao Tome and Principe,STP,83.201601
2021,269,Senegal,SEN,2172.109784
2021,271,Eritrea,ERI,54.114811
2021,272,Sierra Leone,SLE,550.025628
2021,273,Somalia,SOM,2274.462944
2021,274,Djibouti,DJI,268.422438
2021,275,Namibia,NAM,182.70827
2021,276,Saint Helena,SHN,34.895182
2021,278,Sudan,SDN,4434.903912
2021,279,South Sudan,SSD,1736.651995
2021,280,Eswatini,SWZ,115.207521
2021,282,Tanzania,TZA,3923.767094
2021,283,Togo,TGO,665.300467
2021,285,Uganda,UGA,2411.321055
2021,287,Burkina Faso,BFA,2191.857249
2021,288,Zambia,ZMB,1134.611291
2021,289,"South of Sahara, regional",,3414.914417
2021,298,"Africa, regional",,5544.389321
2021,336,Costa Rica,CRI,249.326195
2021,338,Cuba,CUB,298.906689
2021,340,Dominican Republic,DOM,564.724923
2021,342,El Salvador,SLV,262.422108
2021,347,Guatemala,GTM,399.855769
2021,349,Haiti,HTI,965.635319
2021,351,Honduras,HND,857.145368
2021,352,Belize,BLZ,53.814724
2021,354,Jamaica,JAM,58.000776
2021,358,Mexico,MEX,1144.165813
2021,364,Nicaragua,NIC,238.203552
2021,366,Panama,PAN,86.626578
2021,377,Antigua and Barbuda,ATG,2.84675
2021,378,Dominica,DMA,38.579696
2021,381,Grenada,GRD,15.940736
2021,383,Saint Lucia,LCA,43.311365
2021,384,Saint Vincent and the Grenadines,VCT,119.51103
2021,385,Montserrat,MSR,33.918119
2021,389,"Caribbean & Central America, regional",,282.508135
2021,425,Argentina,ARG,60.549151
2021,428,Bolivia,BOL,236.742243
2021,431,Brazil,BRA,815.872736
2021,437,Colombia,COL,2044.762937
2021,440,Ecuador,ECU,272.099834
2021,446,Guyana,GUY,51.429595
2021,451,Paraguay,PRY,141.826202
2021,454,Peru,PER,923.884743
2021,457,Suriname,SUR,8.44591
2021,463,Venezuela,VEN,285.984672
2021,489,"South America, regional",,472.750027
2021,498,"America, regional",,1481.172526
2021,540,Iran,IRN,243.019739
2021,543,Iraq,IRQ,1515.853325
2021,549,Jordan,JOR,3206.599284
2021,550,West Bank and Gaza Strip,PSE,1531.147769
2021,555,Lebanon,LBN,1227.823335
2021,573,Syrian Arab Republic,SYR,11463.058852
2021,580,Yemen,YEM,3479.550456
2021,589,"Middle East, regional",,741.178813
2021,610,Armenia,ARM,304.585698
2021,611,Azerbaijan,AZE,139.507529
2021,612,Georgia,GEO,623.932759
2021,613,Kazakhstan,KAZ,96.628865
2021,614,Kyrgyzstan,KGZ,496.652876
2021,615,Tajikistan,TJK,476.123213
2021,616,Turkmenistan,TKM,151.16455
2021,617,Uzbekistan,UZB,1717.801313
2021,619,"Central Asia, regional",,216.523993
2021,625,Afghanistan,AFG,4831.453507
2021,630,Bhutan,BTN,150.214349
2021,635,Myanmar,MMR,911.444313
2021,640,Sri Lanka,LKA,322.354834
2021,645,India,IND,5049.610028
2021,655,Maldives,MDV,147.844181
2021,660,Nepal,NPL,1232.687331
2021,665,Pakistan,PAK,3361.886804
2021,666,Bangladesh,BGD,6740.031346
2021,679,"South Asia, regional",,146.852032
2021,689,"South & Central Asia, regional",,335.164187
2021,728,Cambodia,KHM,1356.153717
2021,730,China (People's Republic of),CHN,766.226788
2021,738,Indonesia,IDN,2958.403921
2021,740,Democratic People's Republic of Korea,PRK,18.418442
2021,745,Lao People's Democratic Republic,LAO,593.057893
2021,751,Malaysia,MYS,86.243268
2021,753,Mongolia,MNG,576.9125
2021,755,Philippines,PHL,924.677105
2021,764,Thailand,THA,243.544536
2021,765,Timor-Leste,TLS,377.952617
2021,769,Viet Nam,VNM,1360.618659
2021,789,"Far East Asia, regional",,557.14593
2021,798,"Asia, regional",,1641.60407
2021,832,Fiji,FJI,511.654826
2021,836,Kiribati,KIR,74.236036
2021,845,Nauru,NRU,27.757734
2021,854,Vanuatu,VUT,165.603099
2021,856,Niue,NIU,31.169613
2021,859,Marshall Islands,MHL,160.172819
2021,860,Micronesia,FSM,181.024308
2021,861,Palau,PLW,52.882206
2021,862,Papua New Guinea,PNG,1028.497924
2021,866,Solomon Islands,SLB,333.237373
2021,868,Tokelau,TKL,12.673726
2021,870,Tonga,TON,199.994871
2021,872,Tuvalu,TUV,63.179109
2021,876,Wallis and Futuna,WLF,95.55941
2021,880,Samoa,WSM,100.447288
2021,889,"Oceania, regional",,501.904899
2021,1027,"Eastern Africa, regional",,690.291913
2021,1028,"Middle Africa, regional",,133.202825
2021,1029,"Southern Africa, regional",,56.736978
2021,1030,"Western Africa, regional",,578.594704
2021,1031,"Caribbean, regional",,200.545437
2021,1032,"Central America, regional",,148.992693
2021,1033,"Melanesia, regional",,1.182369
2021,1034,"Micronesia, regional",,7.673463
2021,1035,"Polynesia, regional",,6.098159
2021,9998,"Bilateral, unspecified",,44764.665135
2022,55,TÃ¼rkiye,TUR,1888.608034
2022,57,Kosovo,XKX,456.089821
2022,63,Serbia,SRB,1258.328092
2022,64,Bosnia and Herzegovina,BIH,345.922408
2022,65,Montenegro,MNE,195.434766
2022,66,North Macedonia,MKD,284.716341
2022,71,Albania,ALB,430.05368
2022,85,Ukraine,UKR,25647.810499
2022,86,Belarus,BLR,146.493234
2022,88,States Ex-Yugoslavia unspecified,,5.556406
2022,89,"Europe, regional",,2904.741339
2022,93,Moldova,MDA,982.745029
2022,130,Algeria,DZA,256.028086
2022,133,Libya,LBY,206.358611
2022,136,Morocco,MAR,1795.622336
2022,139,Tunisia,TUN,1317.249561
2022,142,Egypt,EGY,7601.125167
2022,189,"North of Sahara, regional",,173.820445
2022,218,South Africa,ZAF,1703.392566
2022,225,Angola,AGO,223.01408
2022,227,Botswana,BWA,70.303684
2022,228,Burundi,BDI,564.658384
2022,229,Cameroon,CMR,1971.665974
2022,230,Cabo Verde,CPV,153.275435
2022,231,Central African Republic,CAF,755.229782
2022,232,Chad,TCD,1496.906441
2022,233,Comoros,COM,297.633684
2022,234,Congo,COG,699.290013
2022,235,Democratic Republic of the Congo,COD,4138.284621
2022,236,Benin,BEN,977.493954
2022,238,Ethiopia,ETH,5743.663678
2022,239,Gabon,GAB,94.74995
2022,240,Gambia,GMB,313.255164
2022,241,Ghana,GHA,2046.854523
2022,243,Guinea,GIN,420.772267
2022,244,Guinea-Bissau,GNB,313.537662
2022,245,Equatorial Guinea,GNQ,14.839615
2022,247,Côte d'Ivoire,CIV,3413.503589
2022,248,Kenya,KEN,2975.044224
2022,249,Lesotho,LSO,238.524762
2022,251,Liberia,LBR,623.415159
2022,252,Madagascar,MDG,1981.092086
2022,253,Malawi,MWI,1477.888836
2022,255,Mali,MLI,1050.987758
2022,256,Mauritania,MRT,587.65597
2022,257,Mauritius,MUS,39.242411
2022,259,Mozambique,MOZ,2804.404842
2022,260,Niger,NER,2111.103605
2022,261,Nigeria,NGA,3315.951534
2022,265,Zimbabwe,ZWE,829.606591
2022,266,Rwanda,RWA,1420.286261
2022,268,Sao Tome and Principe,STP,102.584216
2022,269,Senegal,SEN,1687.351932
2022,271,Eritrea,ERI,50.930898
2022,272,Sierra Leone,SLE,690.314615
2022,273,Somalia,SOM,2409.125487
2022,274,Djibouti,DJI,275.364934
2022,275,Namibia,NAM,439.782704
2022,276,Saint Helena,SHN,32.081549
2022,278,Sudan,SDN,1416.509441
2022,279,South Sudan,SSD,2111.88597
2022,280,Eswatini,SWZ,66.581816
2022,282,Tanzania,TZA,4409.58887
2022,283,Togo,TGO,538.272882
2022,285,Uganda,UGA,2846.092234
2022,287,Burkina Faso,BFA,1071.765098
2022,288,Zambia,ZMB,1826.907852
2022,289,"South of Sahara, regional",,3189.814297
2022,298,"Africa, regional",,3684.194116
2022,336,Costa Rica,CRI,850.138528
2022,338,Cuba,CUB,162.294085
2022,340,Dominican Republic,DOM,560.010547
2022,342,El Salvador,SLV,694.441233
2022,347,Guatemala,GTM,389.480659
2022,349,Haiti,HTI,1051.460802
2022,351,Honduras,HND,964.99358
2022,352,Belize,BLZ,36.864375
2022,354,Jamaica,JAM,99.188803
2022,358,Mexico,MEX,624.933006
2022,364,Nicaragua,NIC,1156.780444
2022,366,Panama,PAN,167.597866
2022,378,Dominica,DMA,52.959152
2022,381,Grenada,GRD,59.800988
2022,383,Saint Lucia,LCA,58.052152
2022,384,Saint Vincent and the Grenadines,VCT,73.993767
2022,385,Montserrat,MSR,26.54816
2022,389,"Caribbean & Central America, regional",,317.772333
2022,425,Argentina,ARG,173.777364
2022,428,Bolivia,BOL,758.056402
2022,431,Brazil,BRA,928.611084
2022,437,Colombia,COL,1858.212075
2022,440,Ecuador,ECU,648.705472
2022,446,Guyana,GUY,368.446233
2022,451,Paraguay,PRY,179.510742
2022,454,Peru,PER,785.161907
2022,457,Suriname,SUR,66.095985
2022,463,Venezuela,VEN,300.552929
2022,489,"South America, regional",,841.367491
2022,498,"America, regional",,1189.475983
2022,540,Iran,IRN,253.186989
2022,543,Iraq,IRQ,1835.620636
2022,549,Jordan,JOR,2258.18028
2022,550,West Bank and Gaza Strip,PSE,1946.331723
2022,555,Lebanon,LBN,1472.231162
2022,573,Syrian Arab Republic,SYR,7987.602584
2022,580,Yemen,YEM,3255.049359
2022,589,"Middle East, regional",,1492.830801
2022,610,Armenia,ARM,286.685651
2022,611,Azerbaijan,AZE,191.868143
2022,612,Georgia,GEO,889.789917
2022,613,Kazakhstan,KAZ,109.359048
2022,614,Kyrgyzstan,KGZ,970.021098
2022,615,Tajikistan,TJK,734.146225
2022,616,Turkmenistan,TKM,21.640817
2022,617,Uzbekistan,UZB,2511.87398
2022,619,"Central Asia, regional",,129.625026
2022,625,Afghanistan,AFG,3274.206362
2022,630,Bhutan,BTN,290.400333
2022,635,Myanmar,MMR,685.466185
2022,640,Sri Lanka,LKA,343.970864
2022,645,India,IND,6398.842754
2022,655,Maldives,MDV,185.741503
2022,660,Nepal,NPL,1839.925435
2022,665,Pakistan,PAK,4705.58277
2022,666,Bangladesh,BGD,6446.308846
2022,679,"South Asia, regional",,143.385999
2022,689,"South & Central Asia, regional",,229.143002
2022,728,Cambodia,KHM,2647.71162
2022,730,China (People's Republic of),CHN,980.304844
2022,738,Indonesia,IDN,2324.743772
2022,740,Democratic People's Republic of Korea,PRK,18.850112
2022,745,Lao People's Democratic Republic,LAO,668.515233
2022,751,Malaysia,MYS,70.860036
2022,753,Mongolia,MNG,249.105185
2022,755,Philippines,PHL,3338.546297
2022,764,Thailand,THA,750.837201
2022,765,Timor-Leste,TLS,401.290045
2022,769,Viet Nam,VNM,1001.629729
2022,789,"Far East Asia, regional",,374.828109
2022,798,"Asia, regional",,1735.77558
2022,832,Fiji,FJI,427.882302
2022,836,Kiribati,KIR,125.063956
2022,845,Nauru,NRU,49.167171
2022,854,Vanuatu,VUT,185.230301
2022,856,Niue,NIU,6.26617
2022,859,Marshall Islands,MHL,160.749664
2022,860,Micronesia,FSM,182.991939
2022,861,Palau,PLW,60.395601
2022,862,Papua New Guinea,PNG,806.948953
2022,866,Solomon Islands,SLB,321.849569
2022,868,Tokelau,TKL,8.298818
2022,870,Tonga,TON,255.157564
2022,872,Tuvalu,TUV,103.27833
2022,876,Wallis and Futuna,WLF,99.754483
2022,880,Samoa,WSM,144.590538
2022,889,"Oceania, regional",,350.016327
2022,1027,"Eastern Africa, regional",,1033.73487
2022,1028,"Middle Africa, regional",,69.14335
2022,1029,"Southern Africa, regional",,137.759076
2022,1030,"Western Africa, regional",,501.152335
2022,1031,"Caribbean, regional",,166.689237
2022,1032,"Central America, regional",,125.615364
2022,1033,"Melanesia, regional",,1.183479
2022,1034,"Micronesia, regional",,1.063494
2022,1035,"Polynesia, regional",,0.363449
2022,9998,"Bilateral, unspecified",,64338.834796
